{"name": "2004年中国足球超级联赛", "link": "https://zh.wikipedia.org/wiki/2004年中国足球超级联赛", "brief": "2004年西门子移动中国足球超级联赛是中國足協舉行的第一屆中国足球超级联赛，聯賽於2004年5月16日展開，11月28日結束，冠軍最後由深圳健力宝在长达半年工资未发困境下首度夺得，同時令到深圳健力宝成為繼大连实德、上海申花及山東魯能泰山后第四支奪得中国頂級职业聯賽冠軍的球隊。", "Inforbox": [{" 球季 ": " 2004 "}, {" 應屆冠軍 ": "  深圳健力宝  "}, {" 比賽場數 ": " 132 場 "}, {" 入球總數 ": " 363 球 （每場 2.75 球）  "}], "attendteams": [{"link": "https://zh.wikipedia.org/wiki/深圳足球俱乐部", "fullName": "深圳足球俱乐部", "name": "深圳健力宝"}, {"link": "https://zh.wikipedia.org/wiki/山东鲁能泰山足球俱乐部", "fullName": "山东鲁能泰山足球俱乐部", "name": "山東魯能泰山"}, {"link": "https://zh.wikipedia.org/wiki/陕西宝荣浐灞足球俱乐部", "fullName": "陕西宝荣浐灞足球俱乐部", "name": "上海国际"}, {"link": "https://zh.wikipedia.org/wiki/遼寧足球俱樂部", "fullName": "遼寧足球俱樂部", "name": "遼寧中誉"}, {"link": "https://zh.wikipedia.org/wiki/大连实德足球俱乐部", "fullName": "大连实德足球俱乐部", "name": "大連实德"}, {"link": "https://zh.wikipedia.org/wiki/天津泰達足球俱樂部", "fullName": "天津泰達足球俱樂部", "name": "天津康师傅"}, {"link": "https://zh.wikipedia.org/wiki/北京國安足球俱樂部", "fullName": "北京國安足球俱樂部", "name": "北京现代"}, {"link": "https://zh.wikipedia.org/wiki/長沙金德足球俱樂部", "fullName": "長沙金德足球俱樂部", "name": "沈阳金德"}, {"link": "https://zh.wikipedia.org/wiki/四川冠城足球俱樂部", "fullName": "四川冠城足球俱樂部", "name": "四川冠城"}, {"link": "https://zh.wikipedia.org/wiki/上海申花足球俱樂部", "fullName": "上海申花足球俱樂部", "name": "上海申花"}, {"link": "https://zh.wikipedia.org/wiki/青島中能足球俱樂部", "fullName": "青島中能足球俱樂部", "name": "青島贝莱特"}, {"link": "https://zh.wikipedia.org/wiki/重庆力帆足球俱乐部", "fullName": "重庆力帆足球俱乐部", "name": "重庆力帆"}]}
{"name": "2005年中国足球超级联赛", "link": "https://zh.wikipedia.org/wiki/2005年中国足球超级联赛", "brief": "2005年中国足球超级联赛是中國足協舉行第二屆中国足球超级联赛，聯賽於2005年4月2日展開，11月5日結束，冠軍最後由大连实德奪得。", "Inforbox": [{" 球季 ": " 2005 "}, {" 應屆冠軍 ": "  大连实德  "}, {" 比賽場數 ": " 182 場 "}, {" 入球總數 ": " 466 球 （每場 2.56 球）  "}], "attendteams": [{"link": "https://zh.wikipedia.org/wiki/大连实德足球俱乐部", "fullName": "大连实德足球俱乐部", "name": "大連实德"}, {"link": "https://zh.wikipedia.org/wiki/上海申花足球俱樂部", "fullName": "上海申花足球俱樂部", "name": "上海申花"}, {"link": "https://zh.wikipedia.org/wiki/山东鲁能泰山足球俱乐部", "fullName": "山东鲁能泰山足球俱乐部", "name": "山東魯能泰山"}, {"link": "https://zh.wikipedia.org/wiki/天津泰達足球俱樂部", "fullName": "天津泰達足球俱樂部", "name": "天津康师傅"}, {"link": "https://zh.wikipedia.org/wiki/湖北武汉职业足球俱乐部", "fullName": "湖北武汉职业足球俱乐部", "name": "武漢黄鹤楼"}, {"link": "https://zh.wikipedia.org/wiki/北京國安足球俱樂部", "fullName": "北京國安足球俱樂部", "name": "北京现代"}, {"link": "https://zh.wikipedia.org/wiki/青島中能足球俱樂部", "fullName": "青島中能足球俱樂部", "name": "青島中能"}, {"link": "https://zh.wikipedia.org/wiki/陕西宝荣浐灞足球俱乐部", "fullName": "陕西宝荣浐灞足球俱乐部", "name": "上海国际"}, {"link": "https://zh.wikipedia.org/wiki/四川冠城足球俱樂部", "fullName": "四川冠城足球俱樂部", "name": "四川冠城"}, {"link": "https://zh.wikipedia.org/wiki/遼寧足球俱樂部", "fullName": "遼寧足球俱樂部", "name": "遼寧中誉"}, {"link": "https://zh.wikipedia.org/wiki/上海联城足球俱乐部", "fullName": "上海联城足球俱乐部", "name": "上海中邦"}, {"link": "https://zh.wikipedia.org/wiki/深圳足球俱乐部", "fullName": "深圳足球俱乐部", "name": "深圳健力宝"}, {"link": "https://zh.wikipedia.org/wiki/長沙金德足球俱樂部", "fullName": "長沙金德足球俱樂部", "name": "沈阳金德"}, {"link": "https://zh.wikipedia.org/wiki/重庆力帆足球俱乐部", "fullName": "重庆力帆足球俱乐部", "name": "重庆力帆"}]}
{"name": "2006年中国足球超级联赛", "link": "https://zh.wikipedia.org/wiki/2006年中国足球超级联赛", "brief": "2006年爱福克斯中国足球超级联赛是中國足協舉行第三屆中国足球超级联赛，聯賽於2006年3月11日展開，10月22日結束。冠軍最後由山東魯能泰山提前6輪奪得，重慶力帆則成為中超史上首支降級隊伍。", "Inforbox": [{" 球季 ": " 2006 "}, {" 應屆冠軍 ": "  大连实德  "}, {" 比賽場數 ": " 210 場 "}, {" 入球總數 ": " 496 球 （每場 2.36 球）  "}], "attendteams": [{"link": "https://zh.wikipedia.org/wiki/山东鲁能泰山足球俱乐部", "fullName": "山东鲁能泰山足球俱乐部", "name": "山東魯能泰山"}, {"link": "https://zh.wikipedia.org/wiki/上海申花足球俱樂部", "fullName": "上海申花足球俱樂部", "name": "上海申花"}, {"link": "https://zh.wikipedia.org/wiki/北京國安足球俱樂部", "fullName": "北京國安足球俱樂部", "name": "北京國安"}, {"link": "https://zh.wikipedia.org/wiki/長春亞泰足球俱樂部", "fullName": "長春亞泰足球俱樂部", "name": "長春亞泰"}, {"link": "https://zh.wikipedia.org/wiki/大连实德足球俱乐部", "fullName": "大连实德足球俱乐部", "name": "大連实德"}, {"link": "https://zh.wikipedia.org/wiki/天津泰達足球俱樂部", "fullName": "天津泰達足球俱樂部", "name": "天津康师傅"}, {"link": "https://zh.wikipedia.org/wiki/上海联城足球俱乐部", "fullName": "上海联城足球俱乐部", "name": "上海联城"}, {"link": "https://zh.wikipedia.org/wiki/厦门蓝狮足球俱乐部", "fullName": "厦门蓝狮足球俱乐部", "name": "厦门蓝狮"}, {"link": "https://zh.wikipedia.org/wiki/陕西宝荣浐灞足球俱乐部", "fullName": "陕西宝荣浐灞足球俱乐部", "name": "西安国际"}, {"link": "https://zh.wikipedia.org/wiki/湖北武汉职业足球俱乐部", "fullName": "湖北武汉职业足球俱乐部", "name": "武漢光谷"}, {"link": "https://zh.wikipedia.org/wiki/深圳足球俱乐部", "fullName": "深圳足球俱乐部", "name": "深圳金威"}, {"link": "https://zh.wikipedia.org/wiki/長沙金德足球俱樂部", "fullName": "長沙金德足球俱樂部", "name": "沈阳金德"}, {"link": "https://zh.wikipedia.org/wiki/遼寧足球俱樂部", "fullName": "遼寧足球俱樂部", "name": "遼寧中誉"}, {"link": "https://zh.wikipedia.org/wiki/青島中能足球俱樂部", "fullName": "青島中能足球俱樂部", "name": "青島中能"}, {"link": "https://zh.wikipedia.org/wiki/重庆力帆足球俱乐部", "fullName": "重庆力帆足球俱乐部", "name": "重庆力帆"}]}
{"name": "2007年中国足球超级联赛", "link": "https://zh.wikipedia.org/wiki/2007年中国足球超级联赛", "brief": "2007年金威啤酒中国足球超级联赛是中國足協舉行第四屆中国足球超级联赛，聯賽於2007年3月3日展開，原定于11月11日結束，但由于需要為中国国家足球队备戰2010年世界盃足球赛亞洲區资格赛而讓路，故延至11月14日結束，冠軍最後由长春亚泰首度奪得，同時令长春亚泰成為繼大连实德、上海申花、山東魯能泰山及深圳健力宝后，歷來第五支奪得中国頂級职业聯賽冠軍的球隊。", "Inforbox": [{" 球季 ": " 2007 "}, {" 應屆冠軍 ": "  長春亞泰  "}, {" 比賽場數 ": " 224 場 "}, {" 入球總數 ": " 468 球 （每場 2.09 球）  "}], "attendteams": [{"link": "https://zh.wikipedia.org/wiki/長春亞泰足球俱樂部", "fullName": "長春亞泰足球俱樂部", "name": "長春亞泰"}, {"link": "https://zh.wikipedia.org/wiki/北京國安足球俱樂部", "fullName": "北京國安足球俱樂部", "name": "北京國安"}, {"link": "https://zh.wikipedia.org/wiki/山东鲁能泰山足球俱乐部", "fullName": "山东鲁能泰山足球俱乐部", "name": "山東魯能泰山"}, {"link": "https://zh.wikipedia.org/wiki/上海申花足球俱樂部", "fullName": "上海申花足球俱樂部", "name": "上海申花"}, {"link": "https://zh.wikipedia.org/wiki/大连实德足球俱乐部", "fullName": "大连实德足球俱乐部", "name": "大連实德"}, {"link": "https://zh.wikipedia.org/wiki/天津泰達足球俱樂部", "fullName": "天津泰達足球俱樂部", "name": "天津康师傅"}, {"link": "https://zh.wikipedia.org/wiki/湖北武汉职业足球俱乐部", "fullName": "湖北武汉职业足球俱乐部", "name": "武漢光谷"}, {"link": "https://zh.wikipedia.org/wiki/青島中能足球俱樂部", "fullName": "青島中能足球俱樂部", "name": "青島中能"}, {"link": "https://zh.wikipedia.org/wiki/遼寧足球俱樂部", "fullName": "遼寧足球俱樂部", "name": "遼寧西洋"}, {"link": "https://zh.wikipedia.org/wiki/長沙金德足球俱樂部", "fullName": "長沙金德足球俱樂部", "name": "長沙金德"}, {"link": "https://zh.wikipedia.org/wiki/杭州綠城足球會", "fullName": "杭州綠城足球會", "name": "浙江綠城"}, {"link": "https://zh.wikipedia.org/wiki/河南建業足球俱樂部", "fullName": "河南建業足球俱樂部", "name": "河南建業"}, {"link": "https://zh.wikipedia.org/wiki/陕西宝荣浐灞足球俱乐部", "fullName": "陕西宝荣浐灞足球俱乐部", "name": "陝西宝荣"}, {"link": "https://zh.wikipedia.org/wiki/深圳足球俱乐部", "fullName": "深圳足球俱乐部", "name": "深圳上清飲"}, {"link": "https://zh.wikipedia.org/wiki/厦门蓝狮足球俱乐部", "fullName": "厦门蓝狮足球俱乐部", "name": "厦门蓝狮"}]}
{"name": "2008年中国足球超级联赛", "link": "https://zh.wikipedia.org/wiki/2008年中国足球超级联赛", "brief": "2008年金威啤酒中國足球超級聯賽是中國足協舉行第五屆中國足球超級聯賽，聯賽於2008年3月29日展開，於11月30日結束，本屆賽一共有16隊參與。另外，由於明年亞洲冠軍聯賽賽制改革，今年的中超的前4名將進入2009年亞冠聯賽分組賽，而不是往年的前2名。\n最終，山東魯能泰山以2分之微力壓上海申花，第2次奪得中超錦標，兩隊會聯同季軍的北京國安及殿軍的天津泰達參加2009年亞洲冠軍聯賽。", "Inforbox": [{" 球季 ": " 2008 "}, {" 應屆冠軍 ": "  山東魯能泰山  "}, {" 比賽場數 ": " 240 場 "}, {" 入球總數 ": " 609 球 （每場 2.54 球）  "}], "attendteams": [{"link": "https://zh.wikipedia.org/wiki/山东鲁能泰山足球俱乐部", "fullName": "山东鲁能泰山足球俱乐部", "name": "山東魯能泰山"}, {"link": "https://zh.wikipedia.org/wiki/上海申花足球俱樂部", "fullName": "上海申花足球俱樂部", "name": "上海申花"}, {"link": "https://zh.wikipedia.org/wiki/北京國安足球俱樂部", "fullName": "北京國安足球俱樂部", "name": "北京國安"}, {"link": "https://zh.wikipedia.org/wiki/天津泰達足球俱樂部", "fullName": "天津泰達足球俱樂部", "name": "天津泰達"}, {"link": "https://zh.wikipedia.org/wiki/陝西中新滻灞足球俱樂部", "fullName": "陝西中新滻灞足球俱樂部", "name": "陝西中新"}, {"link": "https://zh.wikipedia.org/wiki/長春亞泰足球俱樂部", "fullName": "長春亞泰足球俱樂部", "name": "長春亞泰"}, {"link": "https://zh.wikipedia.org/wiki/广州医药足球俱乐部", "fullName": "广州医药足球俱乐部", "name": "廣州醫藥中一"}, {"link": "https://zh.wikipedia.org/wiki/青島中能足球俱樂部", "fullName": "青島中能足球俱樂部", "name": "青島盛文中能"}, {"link": "https://zh.wikipedia.org/wiki/杭州綠城足球會", "fullName": "杭州綠城足球會", "name": "浙江綠城"}, {"link": "https://zh.wikipedia.org/wiki/河南建業足球俱樂部", "fullName": "河南建業足球俱樂部", "name": "河南四五老窖"}, {"link": "https://zh.wikipedia.org/wiki/長沙金德足球俱樂部", "fullName": "長沙金德足球俱樂部", "name": "長沙金德"}, {"link": "https://zh.wikipedia.org/wiki/深圳香雪上清飲足球俱樂部", "fullName": "深圳香雪上清飲足球俱樂部", "name": "深圳香雪上清飲"}, {"link": "https://zh.wikipedia.org/wiki/成都謝菲聯足球俱樂部", "fullName": "成都謝菲聯足球俱樂部", "name": "成都謝菲聯"}, {"link": "https://zh.wikipedia.org/wiki/大连海昌足球俱乐部", "fullName": "大连海昌足球俱乐部", "name": "大連海昌國際"}, {"link": "https://zh.wikipedia.org/wiki/遼寧足球俱樂部", "fullName": "遼寧足球俱樂部", "name": "遼寧宏運"}, {"link": "https://zh.wikipedia.org/wiki/湖北武汉职业足球俱乐部", "fullName": "湖北武汉职业足球俱乐部", "name": "武漢光谷南益"}]}
{"name": "2009年中国足球超级联赛", "link": "https://zh.wikipedia.org/wiki/2009年中国足球超级联赛", "brief": "2009年倍耐力中国足球超级联赛是中国足协举办的第六届中国足球超级联赛，也是中国职业足球联赛的第十六个赛季。本届比赛于3月21日在河南建業的主场郑州航海体育场拉开帷幕，对阵的对手是廣州醫藥[1]。这是中超开幕式首次在晚上进行。\n由于中國國家足球隊11月还将参加两场2011年亞洲盃外圍賽比赛，因此中超落幕的时间初定为10月31日。本赛季持续时间长7个多月，赛程主要被分割成三个時段，第一時段是在3月21日到5月24日进行 10 轮比赛，第二時段是在6月13日到7月5日进行 5 轮比赛，8月2日至8月8日，再打两轮，然后又歇上两周，第三時段是在8月22日到10月31日进行剩余的比赛。\n2009年10月31日（星期六）联赛最后一轮，北京國安以 4–0 擊敗杭州綠城後，成為本屆中超聯賽的冠軍，這是北京參加中國足球職業聯賽 16 年中首奪頂級聯賽冠軍[2]。同時，北京是目前唯一一支能夠以不足一半的勝率（僅得 43%）而奪得聯賽冠軍，其 51 分的積分亦是近年失分最多的冠軍隊伍（共失 39 分）。北京國安會聯同亞軍的長春亞泰、季軍的河南建業确定了明年亚冠的参赛资格。而山東魯能泰山，上海申花以及天津泰达积分相同，需要计算彼此间胜负关系来确定名次，最终山东鲁能成绩最好，与其它三支俱乐部一起获得了亚冠资格。这其中河南是首次參與這項亞洲最高榮譽的賽事。杭州綠城和重慶力帆排名最后两位，原定降级至2010年中甲联赛[3]。但是，由于在中国足坛反赌风暴中被查明曾实施贿赂行为，成都谢菲联和广州医药受到中国足协的处罚[4][5]，取代原定降级的杭州绿城和重庆力帆，降级至中甲联赛。", "Inforbox": [{" 球季 ": " 2009 "}, {" 應屆冠軍 ": "  北京國安  "}, {" 比賽場數 ": " 240 場 "}, {" 入球總數 ": " 536 球 （每場 2.23 球）  "}], "attendteams": [{"link": "https://zh.wikipedia.org/wiki/北京国安足球俱乐部", "fullName": "北京国安足球俱乐部", "name": "北京國安"}, {"link": "https://zh.wikipedia.org/wiki/长春亚泰足球俱乐部", "fullName": "长春亚泰足球俱乐部", "name": "長春亞泰"}, {"link": "https://zh.wikipedia.org/wiki/河南建業足球俱樂部", "fullName": "河南建業足球俱樂部", "name": "河南建業"}, {"link": "https://zh.wikipedia.org/wiki/山东鲁能泰山足球俱乐部", "fullName": "山东鲁能泰山足球俱乐部", "name": "山東魯能泰山"}, {"link": "https://zh.wikipedia.org/wiki/上海申花足球俱乐部", "fullName": "上海申花足球俱乐部", "name": "上海申花"}, {"link": "https://zh.wikipedia.org/wiki/天津泰达足球俱乐部", "fullName": "天津泰达足球俱乐部", "name": "天津泰達"}, {"link": "https://zh.wikipedia.org/wiki/成都謝菲聯足球俱樂部", "fullName": "成都謝菲聯足球俱樂部", "name": "成都建工地產"}, {"link": "https://zh.wikipedia.org/wiki/大连实德足球俱乐部", "fullName": "大连实德足球俱乐部", "name": "大連實德"}, {"link": "https://zh.wikipedia.org/wiki/广州医药足球俱乐部", "fullName": "广州医药足球俱乐部", "name": "廣州醫藥白雲山"}, {"link": "https://zh.wikipedia.org/wiki/江蘇舜天足球俱樂部", "fullName": "江蘇舜天足球俱樂部", "name": "江蘇舜天國信"}, {"link": "https://zh.wikipedia.org/wiki/深圳足球俱乐部", "fullName": "深圳足球俱乐部", "name": "深圳紅鑽"}, {"link": "https://zh.wikipedia.org/wiki/陕西宝荣浐灞足球俱乐部", "fullName": "陕西宝荣浐灞足球俱乐部", "name": "陝西中新"}, {"link": "https://zh.wikipedia.org/wiki/青岛中能足球俱乐部", "fullName": "青岛中能足球俱乐部", "name": "青島中能"}, {"link": "https://zh.wikipedia.org/wiki/長沙金德足球俱樂部", "fullName": "長沙金德足球俱樂部", "name": "長沙金德"}, {"link": "https://zh.wikipedia.org/wiki/杭州綠城足球會", "fullName": "杭州綠城足球會", "name": "杭州綠城房產"}, {"link": "https://zh.wikipedia.org/wiki/重庆力帆足球俱乐部", "fullName": "重庆力帆足球俱乐部", "name": "重慶詩仙太白"}]}
{"name": "2010年中国足球超级联赛", "link": "https://zh.wikipedia.org/wiki/2010年中国足球超级联赛", "brief": "2010年中国足球协会超级联赛（由于赞助原因，亦被冠名为2010倍耐力中超联赛[1]）是自2004年中国足球超级联赛创立以来，由中国足球协会主办的第7届中超联赛，也是自1994年中国足球职业化以来的第17届中国足球顶级职业联赛，以及自1954年中国首次举办全国足球联赛以来的第49届中国足球顶级联赛[2]。本届联赛有包括卫冕冠军北京国安在内的16支球队参加，于2010年3月27日开幕，并于2010年11月6日闭幕；开幕式在北京工人体育场举办。\n2010年10月27日，在南昌衡源和山东鲁能泰山在南昌八一体育场进行的联赛第28轮比赛结束后，山东鲁能泰山提前2轮确保本届联赛冠军。山东鲁能泰山在历史上第3次中超联赛夺冠和第4次中国足球顶级职业联赛夺冠后，连同天津泰达、上海申花和杭州绿城，入围2011年亚冠联赛；而本届联赛排名最后两位的球队，即重庆力帆和长沙金德，则降级至2011年中甲联赛。\n在本届联赛中，所有参赛球队均使用耐克提供的足球装备，这在中超联赛历史上尚属首次[3]。", "Inforbox": [{" 球季 ": " 2010 "}, {" 應屆冠軍 ": "  山东鲁能泰山   第3次夺冠   第4次顶级职业联赛夺冠  "}, {" 降班 ": "  重庆力帆   长沙金德  "}, {" 比賽場數 ": " 240 場 "}, {" 入球總數 ": " 581 球 （每場 2.42 球）  "}, {" 場均觀眾人數 ": " 14580 "}, {" 最佳射手 ": "       里亚斯科斯 （20球） "}, {" 最多入球 ": "  深圳红钻 4–4 辽宁宏运 （8球）  （2010年11月6日）  "}, {" 最長連勝 ": "  杭州绿城 （5场）  （至2010年7月17日）  "}, {" 最長不敗 ": "  河南建业 （11场）  （至2010年7月24日）   山东鲁能泰山 （11场）  （至2010年11月6日）  "}, {" 最長連敗 ": "  深圳茅台红钻 （6场）  （至2010年9月29日）  "}, {" 最多觀眾 ": " 49000  陕西人和浐灞  1–1  大连实德   （2010年3月28日）  "}, {" 最少觀眾 ": " 600  青岛中能  0–2  南昌衡源   （2010年5月30日）  "}], "attendteams": [{"link": "https://zh.wikipedia.org/wiki/山东鲁能泰山足球俱乐部", "fullName": "山东鲁能泰山足球俱乐部", "name": "山东鲁能泰山"}, {"link": "https://zh.wikipedia.org/wiki/天津泰达足球俱乐部", "fullName": "天津泰达足球俱乐部", "name": "天津康师傅"}, {"link": "https://zh.wikipedia.org/wiki/上海申花足球俱乐部", "fullName": "上海申花足球俱乐部", "name": "上海申花"}, {"link": "https://zh.wikipedia.org/wiki/杭州绿城足球俱乐部", "fullName": "杭州绿城足球俱乐部", "name": "杭州诺贝尔绿城"}, {"link": "https://zh.wikipedia.org/wiki/北京国安足球俱乐部", "fullName": "北京国安足球俱乐部", "name": "北京国安"}, {"link": "https://zh.wikipedia.org/wiki/大连实德足球俱乐部", "fullName": "大连实德足球俱乐部", "name": "大连实德"}, {"link": "https://zh.wikipedia.org/wiki/辽宁宏运足球俱乐部", "fullName": "辽宁宏运足球俱乐部", "name": "辽宁宏运"}, {"link": "https://zh.wikipedia.org/wiki/河南建業足球俱樂部", "fullName": "河南建業足球俱樂部", "name": "河南建业"}, {"link": "https://zh.wikipedia.org/wiki/长春亚泰足球俱乐部", "fullName": "长春亚泰足球俱乐部", "name": "长春亚泰"}, {"link": "https://zh.wikipedia.org/wiki/陕西宝荣浐灞足球俱乐部", "fullName": "陕西宝荣浐灞足球俱乐部", "name": "陕西中建地产"}, {"link": "https://zh.wikipedia.org/wiki/江蘇舜天足球俱樂部", "fullName": "江蘇舜天足球俱樂部", "name": "江苏舜天国信"}, {"link": "https://zh.wikipedia.org/wiki/深圳红钻足球俱乐部", "fullName": "深圳红钻足球俱乐部", "name": "深圳茅台红钻"}, {"link": "https://zh.wikipedia.org/wiki/南昌衡源足球俱乐部", "fullName": "南昌衡源足球俱乐部", "name": "南昌衡源"}, {"link": "https://zh.wikipedia.org/wiki/青岛中能足球俱乐部", "fullName": "青岛中能足球俱乐部", "name": "青岛中能"}, {"link": "https://zh.wikipedia.org/wiki/重庆力帆足球俱乐部", "fullName": "重庆力帆足球俱乐部", "name": "重庆力帆"}, {"link": "https://zh.wikipedia.org/wiki/長沙金德足球俱樂部", "fullName": "長沙金德足球俱樂部", "name": "长沙金德"}]}
{"name": "2011年中国足球超级联赛", "link": "https://zh.wikipedia.org/wiki/2011年中国足球超级联赛", "brief": "2011年中国足球协会超级联赛（由于赞助原因，亦被冠名为2011万达广场中超联赛[1]）是自2004年中国足球超级联赛创立以来，由中国足球协会主办的第 8 届中超联赛，也是自1994年中国足球职业化以来的第 18 届中国足球顶级职业联赛，以及自1954年中国首次举办全国足球联赛以来的第 50 届中国足球顶级联赛[2]。本届联赛有包括卫冕冠军山东鲁能泰山在内的 16 支球队参加，于2011年4月1日开幕，并于2011年11月2日闭幕；开幕式在天河体育中心举办。\n2011年9月28日，在山东鲁能泰山和北京国安在山东省体育中心进行的联赛第 26 轮比赛结束后，广州恒大提前 4 轮确保本届联赛冠军，成为首支升级至中国足球顶级职业联赛后即夺冠的球队。广州恒大在历史上首次顶级职业联赛夺冠，并成为夺得中国足球顶级职业联赛冠军的第 7 支球队后，连同2011年中国足协杯冠军天津泰达和联赛亚军北京国安将入围2012年亚冠联赛小组赛，而联赛季军辽宁宏运入围2012年亚冠联赛附加赛，但辽宁队在12月2日官方宣布退出附加赛。本届联赛排名最后两位的球队，即成都谢菲联和深圳红钻，则将降级至2012年中甲联赛。", "Inforbox": [{" 球季 ": " 2011 "}, {" 應屆冠軍 ": "  广州恒大   第 1 次夺冠   第 1 次顶级职业联赛夺冠  "}, {" 降班 ": "  成都谢菲联   深圳红钻  "}, {"  亚冠联赛  ": "  广州恒大  (分组赛)  第 1 次参赛   天津泰达  (分组赛)  第 3 次参赛   北京国安  (分组赛)  第 4 次参赛   辽宁宏运  (附加赛)  弃权  "}, {" 比賽場數 ": " 240 場 "}, {" 入球總數 ": " 564 球 （每場 2.35 球）  "}, {" 場均觀眾人數 ": " 17651 "}, {" 最佳射手 ": "        穆里奇  (16球) "}, {" 最大主場勝仗 ": "  辽宁  6–1  深圳  (5球)  (2011年6月18日)   广州  5–0  南昌  (5球)  (2011年7月14日)  "}, {" 最大客場勝仗 ": "  成都  0–4  辽宁  (4球)  (2011年6月11日)  "}, {" 最多入球 ": "  辽宁  6–1  深圳  (7球)  (2011年6月18日)   南昌  2–5  山东  (7球)  (2011年9月24日)   江苏  5–2  广州  (7球)  (2011年10月22日)  "}, {" 最長連勝 ": "  广州恒大  (7场)  (至2011年7月14日)  "}, {" 最長不敗 ": "  广州恒大  (23场)  (至2011年9月14日)  "}, {" 最長連敗 ": "  深圳茅台红钻  (5场)  (至2011年5月8日)   上海申花  (5场)  (至2011年8月21日)  "}, {" 最多觀眾 ": "  北京  1–1  广州  (53375)  (2011年8月1日)  "}, {" 最少觀眾 ": "  青岛  0–1  长春  (2011)  (2011年6月26日)  "}], "attendteams": [{"link": "https://zh.wikipedia.org/wiki/广州恒大足球俱乐部", "fullName": "广州恒大足球俱乐部", "name": "广州恒大"}, {"link": "https://zh.wikipedia.org/wiki/北京国安足球俱乐部", "fullName": "北京国安足球俱乐部", "name": "北京国安"}, {"link": "https://zh.wikipedia.org/wiki/辽宁宏运足球俱乐部", "fullName": "辽宁宏运足球俱乐部", "name": "辽宁宏运"}, {"link": "https://zh.wikipedia.org/wiki/江蘇舜天足球俱樂部", "fullName": "江蘇舜天足球俱樂部", "name": "江苏国信舜天"}, {"link": "https://zh.wikipedia.org/wiki/山东鲁能泰山足球俱乐部", "fullName": "山东鲁能泰山足球俱乐部", "name": "山东鲁能泰山"}, {"link": "https://zh.wikipedia.org/wiki/青岛中能足球俱乐部", "fullName": "青岛中能足球俱乐部", "name": "青岛中能"}, {"link": "https://zh.wikipedia.org/wiki/长春亚泰足球俱乐部", "fullName": "长春亚泰足球俱乐部", "name": "长春亚泰"}, {"link": "https://zh.wikipedia.org/wiki/杭州绿城足球俱乐部", "fullName": "杭州绿城足球俱乐部", "name": "杭州诺贝尔绿城"}, {"link": "https://zh.wikipedia.org/wiki/陕西宝荣浐灞足球俱乐部", "fullName": "陕西宝荣浐灞足球俱乐部", "name": "陕西人和浐灞"}, {"link": "https://zh.wikipedia.org/wiki/天津泰达足球俱乐部", "fullName": "天津泰达足球俱乐部", "name": "天津康师傅"}, {"link": "https://zh.wikipedia.org/wiki/上海申花足球俱乐部", "fullName": "上海申花足球俱乐部", "name": "上海申花"}, {"link": "https://zh.wikipedia.org/wiki/大连实德足球俱乐部", "fullName": "大连实德足球俱乐部", "name": "大连实德"}, {"link": "https://zh.wikipedia.org/wiki/河南建業足球俱樂部", "fullName": "河南建業足球俱樂部", "name": "河南建业"}, {"link": "https://zh.wikipedia.org/wiki/南昌衡源足球俱乐部", "fullName": "南昌衡源足球俱乐部", "name": "南昌衡源"}, {"link": "https://zh.wikipedia.org/wiki/成都謝菲聯足球俱樂部", "fullName": "成都謝菲聯足球俱樂部", "name": "成都谢菲联"}, {"link": "https://zh.wikipedia.org/wiki/深圳红钻足球俱乐部", "fullName": "深圳红钻足球俱乐部", "name": "深圳茅台红钻"}]}
{"name": "2012年中国足球超级联赛", "link": "https://zh.wikipedia.org/wiki/2012年中国足球超级联赛", "brief": "2012年中国足球协会超级联赛是自2004年中国足球超级联赛创立以来，由中国足球协会主办的第9届中超联赛，也是自1994年中国足球职业化以来的第19届中国足球顶级职业联赛，以及自1954年中国首次举办全国足球联赛以来的第51届中国足球顶级联赛[1]。本届联赛有包括卫冕冠军广州恒大在内的16支球队参加。本届赛事于2012年3月10日开幕，11月3日结束，开幕式在贵州茅台队主场贵阳奥林匹克体育中心主办。10月27日，广州恒大于主场1-0击败辽宁宏运后提前一轮夺冠，并成为中超联赛史上首支成功卫冕的球队。与往届不同的是，本届赛事的所有比赛均未被安排在周中。而在赛季中期足协执委会投票通过修改外援名额规定，赋予参加亚冠联赛的中超球队额外两名外援注册名额的优惠。[2][3]大连实德赛季末退出中超而取消资格[4]。本届联赛排名最后一位的球队，即河南建业，则降级至2013年中甲联赛。", "Inforbox": [{" 球季 ": " 2012 "}, {" 應屆冠軍 ": "  广州恒大   第 2 次夺冠  "}, {" 降班 ": "  河南建业   大连实德 （因赛季末退出而取消资格） "}, {"  亚冠联赛  ": "  广州恒大  （分组赛）  第 2 次参赛   江苏国信舜天  （分组赛）  首次参赛   北京国安  （分组赛）  第 5 次参赛   贵州人和  （分组赛）  首次参赛  "}, {" 比賽場數 ": " 240 場 "}, {" 入球總數 ": " 630 球 （每場 2.63 球）  "}, {" 場均觀眾人數 ": " 18,702  (至第二十八輪)  "}, {" 最佳射手 ": "        达纳拉赫  (23球) "}, {" 最大主場勝仗 ": "  江苏国信舜天  5−0  大连实德   (2012年4月1日)   贵州茅台  5−0  杭州九好绿城   (2012年6月17日)  (5球) "}, {" 最大客場勝仗 ": "  河南建业  0−4  上海申鑫   (2012年3月17日)   北京国安  0−4  长春亚泰   (2012年9月29日)  (4球) "}, {" 最多入球 ": "  辽宁宏运  5−3  大连阿尔滨   (2012年7月28日)  (8球) "}, {" 最長連勝 ": "  广州恒大   杭州九好绿城  (4場) "}, {" 最長不敗 ": "  江苏国信舜天  (13場) "}, {" 最長連敗 ": "  广州富力  (4場) "}, {" 最長不勝 ": "  青岛中能   山东鲁能泰山   上海申鑫   大连实德  (7場) "}, {" 最多觀眾 ": " 65,769  江苏国信舜天  1−1  广州恒大   (2012年10月20日)  "}, {" 最少觀眾 ": " 0  遼寧宏運  4−0  杭州綠城   (2012年9月23日)  "}], "attendteams": [{"link": "https://zh.wikipedia.org/wiki/广州恒大足球俱乐部", "fullName": "广州恒大足球俱乐部", "name": "广州恒大"}, {"link": "https://zh.wikipedia.org/wiki/江蘇舜天足球俱樂部", "fullName": "江蘇舜天足球俱樂部", "name": "江苏舜天"}, {"link": "https://zh.wikipedia.org/wiki/北京国安足球俱乐部", "fullName": "北京国安足球俱乐部", "name": "北京国安"}, {"link": "https://zh.wikipedia.org/wiki/贵州人和足球俱乐部", "fullName": "贵州人和足球俱乐部", "name": "贵州茅台"}, {"link": "https://zh.wikipedia.org/wiki/大连阿尔滨足球俱乐部", "fullName": "大连阿尔滨足球俱乐部", "name": "大连阿尔滨"}, {"link": "https://zh.wikipedia.org/wiki/长春亚泰足球俱乐部", "fullName": "长春亚泰足球俱乐部", "name": "长春亚泰"}, {"link": "https://zh.wikipedia.org/wiki/广州富力足球俱乐部", "fullName": "广州富力足球俱乐部", "name": "广州富力"}, {"link": "https://zh.wikipedia.org/wiki/天津泰达足球俱乐部", "fullName": "天津泰达足球俱乐部", "name": "天津泰达"}, {"link": "https://zh.wikipedia.org/wiki/上海申花足球俱乐部", "fullName": "上海申花足球俱乐部", "name": "上海申花"}, {"link": "https://zh.wikipedia.org/wiki/辽宁宏运足球俱乐部", "fullName": "辽宁宏运足球俱乐部", "name": "辽宁宏运"}, {"link": "https://zh.wikipedia.org/wiki/杭州绿城足球俱乐部", "fullName": "杭州绿城足球俱乐部", "name": "杭州九好绿城"}, {"link": "https://zh.wikipedia.org/wiki/山东鲁能泰山足球俱乐部", "fullName": "山东鲁能泰山足球俱乐部", "name": "山东鲁能泰山"}, {"link": "https://zh.wikipedia.org/wiki/青岛中能足球俱乐部", "fullName": "青岛中能足球俱乐部", "name": "青岛中能"}, {"link": "https://zh.wikipedia.org/wiki/大连实德足球俱乐部", "fullName": "大连实德足球俱乐部", "name": "大连实德"}, {"link": "https://zh.wikipedia.org/wiki/南昌衡源足球俱乐部", "fullName": "南昌衡源足球俱乐部", "name": "上海申鑫"}, {"link": "https://zh.wikipedia.org/wiki/河南建业足球俱乐部", "fullName": "河南建业足球俱乐部", "name": "河南建业"}]}
{"name": "2013年中国足球超级联赛", "link": "https://zh.wikipedia.org/wiki/2013年中国足球超级联赛", "brief": "2013年中国足球协会超级联赛是自2004年中国足球超级联赛创立以来，由中国足球协会主办的第10届中超联赛，也是自1994年中国足球职业化以来的第20届中国足球顶级职业联赛，以及自1954年中国首次举办全国足球联赛以来的第52届中国足球顶级联赛。本届联赛有包括连续两届卫冕冠军广州恒大在内的16支球队参加。\n本届赛事于2013年3月8日开幕，10月27日结束。开幕式在广州恒大队主场天河体育场主办。10月6日，广州恒大队客场4:2战胜山东鲁能队提前3轮夺冠。本届联赛排名最后两位的球队，即青岛中能和武汉卓尔，则将降级至2014年中国足球甲级联赛。", "Inforbox": [{" 球季 ": " 2013 "}, {" 應屆冠軍 ": "  广州恒大  "}, {" 降班 ": "  青岛中能   武汉卓尔  "}, {"  亚冠联赛  ": "  广州恒大   山东鲁能泰山   北京国安   贵州人和  "}, {" 比賽場數 ": " 240 場 "}, {" 入球總數 ": " 632 球 （每場 2.63 球）  "}, {" 場均觀眾人數 ": " 18,571 "}, {" 最佳射手 ": "        埃尔克森  (24球) "}, {" 最大主場勝仗 ": "  北京国安  6−0  广州富力   (2013年9月14日)  (6球) "}, {" 最大客場勝仗 ": "  上海申鑫  1−6  上海上港   (2013年6月2日)  (5球) "}, {" 最多入球 ": "  广州富力  3−5  贵州茅台   (2013年9月22日)  (8球) "}, {" 最長連勝 ": "  广州恆大  (8场) "}, {" 最長不敗 ": "  广州恆大  (22场) "}, {" 最長連敗 ": "  青島中能  (7场) "}, {" 最長不勝 ": "  青島中能  (15场) "}, {" 最多觀眾 ": " 58,792  江苏舜天  1−2  广州恒大   (2013年7月14日)  "}, {" 最少觀眾 ": " 2,760  大連阿爾濱  1−0  杭州大金綠城   (2013年11月3日)  "}], "attendteams": [{"link": "https://zh.wikipedia.org/wiki/广州恒大足球俱乐部", "fullName": "广州恒大足球俱乐部", "name": "广州恒大"}, {"link": "https://zh.wikipedia.org/wiki/山东鲁能泰山足球俱乐部", "fullName": "山东鲁能泰山足球俱乐部", "name": "山东鲁能泰山"}, {"link": "https://zh.wikipedia.org/wiki/北京国安足球俱乐部", "fullName": "北京国安足球俱乐部", "name": "北京国安"}, {"link": "https://zh.wikipedia.org/wiki/贵州人和足球俱乐部", "fullName": "贵州人和足球俱乐部", "name": "贵州茅台"}, {"link": "https://zh.wikipedia.org/wiki/大连阿尔滨足球俱乐部", "fullName": "大连阿尔滨足球俱乐部", "name": "大连阿尔滨"}, {"link": "https://zh.wikipedia.org/wiki/广州富力足球俱乐部", "fullName": "广州富力足球俱乐部", "name": "广州富力"}, {"link": "https://zh.wikipedia.org/wiki/上海申鑫足球俱乐部", "fullName": "上海申鑫足球俱乐部", "name": "上海申鑫"}, {"link": "https://zh.wikipedia.org/wiki/上海申花足球俱乐部", "fullName": "上海申花足球俱乐部", "name": "上海申花"}, {"link": "https://zh.wikipedia.org/wiki/上海东亚足球俱乐部", "fullName": "上海东亚足球俱乐部", "name": "上海上港"}, {"link": "https://zh.wikipedia.org/wiki/辽宁宏运足球俱乐部", "fullName": "辽宁宏运足球俱乐部", "name": "辽宁宏运"}, {"link": "https://zh.wikipedia.org/wiki/天津泰达足球俱乐部", "fullName": "天津泰达足球俱乐部", "name": "天津康师傅"}, {"link": "https://zh.wikipedia.org/wiki/杭州绿城足球俱乐部", "fullName": "杭州绿城足球俱乐部", "name": "杭州大金绿城"}, {"link": "https://zh.wikipedia.org/wiki/江蘇舜天足球俱樂部", "fullName": "江蘇舜天足球俱樂部", "name": "江苏国信舜天"}, {"link": "https://zh.wikipedia.org/wiki/长春亚泰足球俱乐部", "fullName": "长春亚泰足球俱乐部", "name": "长春亚泰"}, {"link": "https://zh.wikipedia.org/wiki/青岛中能足球俱乐部", "fullName": "青岛中能足球俱乐部", "name": "青岛中能"}, {"link": "https://zh.wikipedia.org/wiki/武汉卓尔职业足球俱乐部", "fullName": "武汉卓尔职业足球俱乐部", "name": "武汉卓尔"}]}
{"name": "2014年中国足球超级联赛", "link": "https://zh.wikipedia.org/wiki/2014年中国足球超级联赛", "brief": "2014中国平安中国足球协会超级联赛是自2004年中国足球超级联赛创立以来，由中国足球协会主办的第11届中超联赛，也是自1994年中国足球职业化以来的第21届中国足球顶级职业联赛，以及自1954年中国首次举办全国足球联赛以来的第53届中国足球顶级联赛。本届联赛有包括连续三届卫冕冠军广州恒大在内的16支球队参加。\n本届赛事于2014年3月8日开幕，11月2日结束。开幕式在广州恒大队主场天河体育场主办[1]。11月2日，广州恒大队客场战平山东鲁能队，领先第二名的北京国安队3分，成为中国足球顶级职业联赛创立以来的首支四连冠球队[2]。本届联赛排名最后两位的球队，即大连阿尔滨和哈尔滨毅腾，则将降级至2015年中国足球甲级联赛[3]。", "Inforbox": [{" 球季 ": " 2014 "}, {" 應屆冠軍 ": "  广州恒大  "}, {" 降班 ": "  大连阿尔滨   哈尔滨毅腾  "}, {"  亚冠联赛  ": "  广州恒大   北京国安   广州富力   山东鲁能  "}, {" 比賽場數 ": " 240 場 "}, {" 入球總數 ": " 659 球 （每場 2.75 球）  "}, {" 場均觀眾人數 ": " 18,986 "}, {" 最佳射手 ": "        埃尔克森  (28球) "}, {" 最大主場勝仗 ": "  广州恒大  6−0  遼寧宏運   (2014年8月31日)  (6球) "}, {" 最大客場勝仗 ": "  辽宁宏运  0−4  广州恒大   (2014年4月26日)   辽宁宏运  1−5  广州富力   (2014年7月31日)  (4球) "}, {" 最多入球 ": "  哈尔滨毅腾  3−6  广州恒大   (2014年7月30日)  (9球) "}, {" 最長連勝 ": "  广州恒大  (9場) "}, {" 最長不敗 ": "  广州恒大  (9場) "}, {" 最長連敗 ": "  哈尔滨毅腾  (8場) "}, {" 最長不勝 ": "  哈尔滨毅腾   遼寧宏運  (9場) "}, {" 最多觀眾 ": " 52,301  北京国安  1−1  广州恒大   (2014年5月26日)  "}, {" 最少觀眾 ": " 2,053  遼寧宏運  2−1  杭州綠城   (2014年5月4日)   "}], "attendteams": [{"link": "https://zh.wikipedia.org/wiki/广州恒大足球俱乐部", "fullName": "广州恒大足球俱乐部", "name": "广州恒大"}, {"link": "https://zh.wikipedia.org/wiki/北京国安足球俱乐部", "fullName": "北京国安足球俱乐部", "name": "北京国安"}, {"link": "https://zh.wikipedia.org/wiki/广州富力足球俱乐部", "fullName": "广州富力足球俱乐部", "name": "广州富力"}, {"link": "https://zh.wikipedia.org/wiki/山东鲁能泰山足球俱乐部", "fullName": "山东鲁能泰山足球俱乐部", "name": "山东鲁能泰山"}, {"link": "https://zh.wikipedia.org/wiki/上海东亚足球俱乐部", "fullName": "上海东亚足球俱乐部", "name": "上海上港"}, {"link": "https://zh.wikipedia.org/wiki/贵州人和足球俱乐部", "fullName": "贵州人和足球俱乐部", "name": "贵州茅台"}, {"link": "https://zh.wikipedia.org/wiki/天津泰达足球俱乐部", "fullName": "天津泰达足球俱乐部", "name": "天津泰达"}, {"link": "https://zh.wikipedia.org/wiki/江蘇舜天足球俱樂部", "fullName": "江蘇舜天足球俱樂部", "name": "江苏国信舜天"}, {"link": "https://zh.wikipedia.org/wiki/上海绿地足球俱乐部", "fullName": "上海绿地足球俱乐部", "name": "上海绿地申花"}, {"link": "https://zh.wikipedia.org/wiki/辽宁宏运足球俱乐部", "fullName": "辽宁宏运足球俱乐部", "name": "辽宁宏运"}, {"link": "https://zh.wikipedia.org/wiki/上海申鑫足球俱乐部", "fullName": "上海申鑫足球俱乐部", "name": "上海申鑫"}, {"link": "https://zh.wikipedia.org/wiki/杭州绿城足球俱乐部", "fullName": "杭州绿城足球俱乐部", "name": "杭州绿城"}, {"link": "https://zh.wikipedia.org/wiki/长春亚泰足球俱乐部", "fullName": "长春亚泰足球俱乐部", "name": "长春亚泰"}, {"link": "https://zh.wikipedia.org/wiki/河南建业足球俱乐部", "fullName": "河南建业足球俱乐部", "name": "河南建业"}, {"link": "https://zh.wikipedia.org/wiki/大连阿尔滨足球俱乐部", "fullName": "大连阿尔滨足球俱乐部", "name": "大连阿尔滨"}, {"link": "https://zh.wikipedia.org/wiki/哈尔滨毅腾足球俱乐部", "fullName": "哈尔滨毅腾足球俱乐部", "name": "哈尔滨毅腾"}]}
{"name": "2015年中国足球超级联赛", "link": "https://zh.wikipedia.org/wiki/2015年中国足球超级联赛", "brief": "2015中國平安中國足球協會超級聯賽是自2004年中國足球超級聯賽創立以來，由中國足球協會主辦的第12屆中超聯賽，也是自1994年中國足球職業化以來的第22屆中國足球頂級職業聯賽，以及自1954年中國首次舉辦全國足球聯賽以來的第54屆中國足球頂級聯賽。本屆聯賽將有包括連續四屆衛冕冠軍廣州恒大淘寶在內的16支球隊參加。\n本届赛事于2015年3月7日开幕，10月31日结束。开幕式在杭州绿城队主场黄龙体育场主办[1]。10月31日，广州恒大队客场战胜北京国安队，领先第二名的上海上港队2分，成为中国足球顶级职业联赛创立以来的首支五连冠球队[2]。本届联赛排名最后两位的球队，即贵州人和和上海申鑫，则将降级至2016年中国足球甲级联赛[3]。", "Inforbox": [{" 球季 ": " 2015 "}, {" 應屆冠軍 ": "  廣州恒大淘寶  "}, {" 降班 ": "  贵州茅台   上海申鑫  "}, {"  亞冠聯賽  ": "  广州恒大淘宝   上海上港   山东鲁能泰山   江苏国信舜天  "}, {" 比賽場數 ": " 240 場 "}, {" 入球總數 ": " 670 球 （每場 2.79 球）  "}, {" 場均觀眾人數 ": " 22,205 "}, {" 最佳射手 ": "        阿洛伊西奥  (22球) "}, {" 最大主場勝仗 ": "  广州恒大淘宝  7−0  重庆力帆    (2015年7月5日)  (7球) "}, {" 最大客場勝仗 ": "  上海申鑫  0−4  北京国安   (2015年9月27日)  (4球) "}, {" 最多入球 ": "  上海绿地申花  6−2  上海申鑫   (2015年3月8日)   上海上港  5−3  长春亚泰   (2015年6月19日)  (8球) "}, {" 最長連勝 ": "  上海上港  (6場) "}, {" 最長不敗 ": "  广州恒大淘宝  (26場) "}, {" 最長連敗 ": "  上海申鑫  (6場) "}, {" 最長不勝 ": "  天津泰达权健  (13場) "}, {" 最多觀眾 ": " 53,526  北京国安  0−2  广州恒大淘宝   (2015年10月31日)  "}, {" 最少觀眾 ": " 4,807  广州富力  0−0  辽宁盘锦宏运   (2015年5月1日)  "}], "attendteams": [{"link": "https://zh.wikipedia.org/wiki/广州恒大淘宝足球俱乐部", "fullName": "广州恒大淘宝足球俱乐部", "name": "广州恒大淘宝"}, {"link": "https://zh.wikipedia.org/wiki/上海上港集团足球俱乐部", "fullName": "上海上港集团足球俱乐部", "name": "上海上港"}, {"link": "https://zh.wikipedia.org/wiki/山东鲁能泰山足球俱乐部", "fullName": "山东鲁能泰山足球俱乐部", "name": "山东鲁能泰山"}, {"link": "https://zh.wikipedia.org/wiki/北京国安足球俱乐部", "fullName": "北京国安足球俱乐部", "name": "北京国安"}, {"link": "https://zh.wikipedia.org/wiki/河南建业足球俱乐部", "fullName": "河南建业足球俱乐部", "name": "河南建业"}, {"link": "https://zh.wikipedia.org/wiki/上海绿地足球俱乐部", "fullName": "上海绿地足球俱乐部", "name": "上海绿地申花"}, {"link": "https://zh.wikipedia.org/wiki/石家庄永昌足球俱乐部", "fullName": "石家庄永昌足球俱乐部", "name": "石家庄永昌"}, {"link": "https://zh.wikipedia.org/wiki/重庆力帆足球俱乐部", "fullName": "重庆力帆足球俱乐部", "name": "重庆力帆"}, {"link": "https://zh.wikipedia.org/wiki/江苏国信舜天足球俱乐部", "fullName": "江苏国信舜天足球俱乐部", "name": "江苏国信舜天"}, {"link": "https://zh.wikipedia.org/wiki/长春亚泰足球俱乐部", "fullName": "长春亚泰足球俱乐部", "name": "长春亚泰"}, {"link": "https://zh.wikipedia.org/wiki/杭州绿城足球俱乐部", "fullName": "杭州绿城足球俱乐部", "name": "杭州绿城"}, {"link": "https://zh.wikipedia.org/wiki/辽宁宏运足球俱乐部", "fullName": "辽宁宏运足球俱乐部", "name": "辽宁盘锦宏运"}, {"link": "https://zh.wikipedia.org/wiki/天津泰达足球俱乐部", "fullName": "天津泰达足球俱乐部", "name": "天津泰达权健"}, {"link": "https://zh.wikipedia.org/wiki/广州富力足球俱乐部", "fullName": "广州富力足球俱乐部", "name": "广州富力"}, {"link": "https://zh.wikipedia.org/wiki/贵州人和足球俱乐部", "fullName": "贵州人和足球俱乐部", "name": "贵州茅台"}, {"link": "https://zh.wikipedia.org/wiki/上海申鑫足球俱乐部", "fullName": "上海申鑫足球俱乐部", "name": "上海申鑫"}]}
{"name": "2016年中国足球超级联赛", "link": "https://zh.wikipedia.org/wiki/2016年中国足球超级联赛", "brief": "2016中國平安中國足球協會超級聯賽是自2004年中國足球超級聯賽創立以來，由中國足球協會主辦的第13屆中超聯賽，也是自1994年中國足球職業化以來的第23屆中國足球頂級職業聯賽，以及自1954年中國首次舉辦全國足球聯賽以來的第55屆中國足球頂級聯賽。本屆聯賽將有包括連續五屆衛冕冠軍廣州恒大淘寶在內的16支球隊參加。", "Inforbox": [{" 球季 ": " 2016 "}, {" 應屆冠軍 ": "  廣州恒大淘寶  "}, {" 降班 ": "  杭州绿城   石家庄永昌  "}, {"  亞冠聯賽  ": "  廣州恒大淘寶   江苏苏宁易购   上海上港   上海绿地申花  "}, {" 比賽場數 ": " 240 場 "}, {" 入球總數 ": " 637 球 （每場 2.65 球）  "}, {" 場均觀眾人數 ": " 24,171 "}, {" 最佳射手 ": "        高拉特  (19球) "}, {" 最大主場勝仗 ": "  上海上港  5-0  河南建业  (5球) "}, {" 最大客場勝仗 ": "  石家庄永昌  0-6  广州恒大淘宝  (6球) "}, {" 最多入球 ": "  重庆力帆  4-5  广州富力  (9球) "}, {" 最長連勝 ": "  广州恒大淘宝  (9场) "}, {" 最長不敗 ": "  广州恒大淘宝  (17场) "}, {" 最長連敗 ": "  河北华夏幸福  (5场) "}, {" 最長不勝 ": "  重庆力帆   杭州绿城  (11场) "}, {" 最多觀眾 ": " 53,080  北京国安乐视  0−3  广州恒大淘宝   (2016年4月9日)  "}, {" 最少觀眾 ": " 5,135  杭州绿城  0−1  广州富力   (2016年6月11日)  "}], "attendteams": [{"link": "https://zh.wikipedia.org/wiki/广州恒大淘宝足球俱乐部", "fullName": "广州恒大淘宝足球俱乐部", "name": "广州恒大淘宝"}, {"link": "https://zh.wikipedia.org/wiki/江苏苏宁足球俱乐部", "fullName": "江苏苏宁足球俱乐部", "name": "江苏苏宁易购"}, {"link": "https://zh.wikipedia.org/wiki/上海上港集团足球俱乐部", "fullName": "上海上港集团足球俱乐部", "name": "上海上港"}, {"link": "https://zh.wikipedia.org/wiki/上海绿地申花足球俱乐部", "fullName": "上海绿地申花足球俱乐部", "name": "上海绿地申花"}, {"link": "https://zh.wikipedia.org/wiki/北京国安足球俱乐部", "fullName": "北京国安足球俱乐部", "name": "北京国安樂視"}, {"link": "https://zh.wikipedia.org/wiki/广州富力足球俱乐部", "fullName": "广州富力足球俱乐部", "name": "广州富力"}, {"link": "https://zh.wikipedia.org/wiki/河北华夏幸福足球俱乐部", "fullName": "河北华夏幸福足球俱乐部", "name": "河北华夏幸福"}, {"link": "https://zh.wikipedia.org/wiki/重庆力帆足球俱乐部", "fullName": "重庆力帆足球俱乐部", "name": "重庆力帆"}, {"link": "https://zh.wikipedia.org/wiki/延边富德足球俱乐部", "fullName": "延边富德足球俱乐部", "name": "延边富德"}, {"link": "https://zh.wikipedia.org/wiki/天津泰达足球俱乐部", "fullName": "天津泰达足球俱乐部", "name": "天津泰达亿利"}, {"link": "https://zh.wikipedia.org/wiki/辽宁宏运足球俱乐部", "fullName": "辽宁宏运足球俱乐部", "name": "辽宁沈阳宏运"}, {"link": "https://zh.wikipedia.org/wiki/长春亚泰足球俱乐部", "fullName": "长春亚泰足球俱乐部", "name": "长春亚泰"}, {"link": "https://zh.wikipedia.org/wiki/河南建业足球俱乐部", "fullName": "河南建业足球俱乐部", "name": "河南建业"}, {"link": "https://zh.wikipedia.org/wiki/山东鲁能泰山足球俱乐部", "fullName": "山东鲁能泰山足球俱乐部", "name": "山东鲁能泰山"}, {"link": "https://zh.wikipedia.org/wiki/杭州绿城足球俱乐部", "fullName": "杭州绿城足球俱乐部", "name": "杭州绿城"}, {"link": "https://zh.wikipedia.org/wiki/石家庄永昌足球俱乐部", "fullName": "石家庄永昌足球俱乐部", "name": "石家庄永昌"}]}
{"name": "2017年中国足球超级联赛", "link": "https://zh.wikipedia.org/wiki/2017年中国足球超级联赛", "brief": "2017中國平安中國足球協會超級聯賽是自2004年中國足球超級聯賽創立以來，由中國足球協會主辦的第14屆中超聯賽，也是自1994年中國足球職業化以來的第24屆中國足球頂級職業聯賽，以及自1954年中國首次舉辦全國足球聯賽以來的第56屆中國足球頂級聯賽。本屆聯賽將有包括連續六屆衛冕冠軍廣州恒大淘寶在內的16支球隊參加。", "Inforbox": [{" 球季 ": " 2017 "}, {" 應屆冠軍 ": "  廣州恒大淘寶  "}, {" 降班 ": "  延边富德   辽宁沈阳开新  "}, {"  亞冠聯賽  ": "  廣州恒大淘寶   上海上港   天津权健   上海绿地申花  "}, {" 比賽場數 ": " 240 場 "}, {" 入球總數 ": " 729 球 （每場 3.04 球）  "}, {" 場均觀眾人數 ": " 23,887 "}, {" 最佳射手 ": "        扎哈维  (27球) "}, {" 最大主場勝仗 ": "  上海绿地申花  8-1  辽宁沈阳开新  (7球) "}, {" 最大客場勝仗 ": "  延边富德  0-4  重庆当代力帆   延边富德  0-4  江苏苏宁易购   天津亿利  1-5  长春亚泰  (4球) "}, {" 最多入球 ": "  上海绿地申花  8-1  辽宁沈阳开新   山东鲁能泰山  5-4  河北华夏幸福  (9球) "}, {" 最長連勝 ": "  广州恒大淘宝  (10场) "}, {" 最長不敗 ": "  广州恒大淘宝   上海上港  (12场) "}, {" 最長連敗 ": "  辽宁沈阳开新  (7场) "}, {" 最長不勝 ": "  天津亿利  (12场) "}, {" 最多觀眾 ": " 54,018  北京中赫国安  2−0  广州恒大淘宝   (2017年7月8日)  "}, {" 最少觀眾 ": " 0  贵州恒丰智诚  1−1  辽宁沈阳开新   (2017年3月3日)  "}], "attendteams": [{"link": "https://zh.wikipedia.org/wiki/广州恒大淘宝足球俱乐部", "fullName": "广州恒大淘宝足球俱乐部", "name": "广州恒大淘宝"}, {"link": "https://zh.wikipedia.org/wiki/上海上港集团足球俱乐部", "fullName": "上海上港集团足球俱乐部", "name": "上海上港"}, {"link": "https://zh.wikipedia.org/wiki/天津权健足球俱乐部", "fullName": "天津权健足球俱乐部", "name": "天津权健"}, {"link": "https://zh.wikipedia.org/wiki/河北华夏幸福足球俱乐部", "fullName": "河北华夏幸福足球俱乐部", "name": "河北华夏幸福"}, {"link": "https://zh.wikipedia.org/wiki/广州富力足球俱乐部", "fullName": "广州富力足球俱乐部", "name": "广州富力"}, {"link": "https://zh.wikipedia.org/wiki/山东鲁能泰山足球俱乐部", "fullName": "山东鲁能泰山足球俱乐部", "name": "山东鲁能泰山"}, {"link": "https://zh.wikipedia.org/wiki/长春亚泰足球俱乐部", "fullName": "长春亚泰足球俱乐部", "name": "长春亚泰"}, {"link": "https://zh.wikipedia.org/wiki/贵州恒丰智诚足球俱乐部", "fullName": "贵州恒丰智诚足球俱乐部", "name": "贵州恒丰智诚"}, {"link": "https://zh.wikipedia.org/wiki/北京中赫国安足球俱乐部", "fullName": "北京中赫国安足球俱乐部", "name": "北京中赫国安"}, {"link": "https://zh.wikipedia.org/wiki/重庆当代力帆足球俱乐部", "fullName": "重庆当代力帆足球俱乐部", "name": "重庆当代力帆"}, {"link": "https://zh.wikipedia.org/wiki/上海绿地申花足球俱乐部", "fullName": "上海绿地申花足球俱乐部", "name": "上海绿地申花"}, {"link": "https://zh.wikipedia.org/wiki/江苏苏宁足球俱乐部", "fullName": "江苏苏宁足球俱乐部", "name": "江苏苏宁易购"}, {"link": "https://zh.wikipedia.org/wiki/天津泰达足球俱乐部", "fullName": "天津泰达足球俱乐部", "name": "天津亿利"}, {"link": "https://zh.wikipedia.org/wiki/河南建业足球俱乐部", "fullName": "河南建业足球俱乐部", "name": "河南建业"}, {"link": "https://zh.wikipedia.org/wiki/延边富德足球俱乐部", "fullName": "延边富德足球俱乐部", "name": "延边富德"}, {"link": "https://zh.wikipedia.org/wiki/辽宁宏运足球俱乐部", "fullName": "辽宁宏运足球俱乐部", "name": "辽宁沈阳开新"}]}
{"name": "2018年中国足球超级联赛", "link": "https://zh.wikipedia.org/wiki/2018年中国足球超级联赛", "brief": "2018中國平安中國足球協會超級聯賽是自2004年中國足球超級聯賽創立以來，由中國足球協會主辦的第15屆中超聯賽，也是自1994年中國足球職業化以來的第25屆中國足球頂級職業聯賽，以及自1954年中國首次舉辦全國足球聯賽以來的第57屆中國足球頂級聯賽。本屆聯賽將有包括連續七屆衛冕冠軍廣州恒大淘寶在內的16支球隊參加。", "Inforbox": [{" 球季 ": " 2018 "}, {" 應屆冠軍 ": "  上海上港  "}, {" 降班 ": "  长春亚泰   贵州恒丰  "}, {"  亞冠聯賽  ": "  上海上港   广州恒大淘宝   山东鲁能泰山   北京中赫国安  "}, {" 比賽場數 ": " 240 場 "}, {" 入球總數 ": " 766 球 （每場 3.19 球）  "}, {" 場均觀眾人數 ": " 24,040 "}, {" 最佳射手 ": "        武磊  (27球) "}, {" 最大主場勝仗 ": "  上海上港  8-0  大连一方  (8球) "}, {" 最大客場勝仗 ": "  河南建业  0-5  广州恒大淘宝  (5球) "}, {" 最多入球 ": "  广州恒大淘宝  4-5  广州富力   北京中赫国安  6-3  河北华夏幸福   广州恒大淘宝  4-5  上海上港  (9球) "}, {" 最長連勝 ": "  上海上港  (6场) "}, {" 最長不敗 ": "  北京中赫国安  (17场) "}, {" 最長連敗 ": "  贵州恒丰   重庆斯威  (5场) "}, {" 最長不勝 ": "  天津泰达  (11场) "}, {" 最多觀眾 ": " 56,544  北京中赫国安  1-1  山东鲁能泰山   (2018年8月5日)  "}, {" 最少觀眾 ": " 5,651  北京人和  2-1  贵州恒丰   (2018年4月14日)  "}], "attendteams": [{"link": "https://zh.wikipedia.org/wiki/上海上港集团足球俱乐部", "fullName": "上海上港集团足球俱乐部", "name": "上海上港"}, {"link": "https://zh.wikipedia.org/wiki/广州恒大淘宝足球俱乐部", "fullName": "广州恒大淘宝足球俱乐部", "name": "广州恒大淘宝"}, {"link": "https://zh.wikipedia.org/wiki/山东鲁能泰山足球俱乐部", "fullName": "山东鲁能泰山足球俱乐部", "name": "山东鲁能泰山"}, {"link": "https://zh.wikipedia.org/wiki/北京中赫国安足球俱乐部", "fullName": "北京中赫国安足球俱乐部", "name": "北京中赫国安"}, {"link": "https://zh.wikipedia.org/wiki/江苏苏宁足球俱乐部", "fullName": "江苏苏宁足球俱乐部", "name": "江苏苏宁易购"}, {"link": "https://zh.wikipedia.org/wiki/河北华夏幸福足球俱乐部", "fullName": "河北华夏幸福足球俱乐部", "name": "河北华夏幸福"}, {"link": "https://zh.wikipedia.org/wiki/上海绿地申花足球俱乐部", "fullName": "上海绿地申花足球俱乐部", "name": "上海绿地申花"}, {"link": "https://zh.wikipedia.org/wiki/北京人和足球俱乐部", "fullName": "北京人和足球俱乐部", "name": "北京人和"}, {"link": "https://zh.wikipedia.org/wiki/天津权健足球俱乐部", "fullName": "天津权健足球俱乐部", "name": "天津权健"}, {"link": "https://zh.wikipedia.org/wiki/广州富力足球俱乐部", "fullName": "广州富力足球俱乐部", "name": "广州富力"}, {"link": "https://zh.wikipedia.org/wiki/大连一方足球俱乐部", "fullName": "大连一方足球俱乐部", "name": "大连一方"}, {"link": "https://zh.wikipedia.org/wiki/河南建业足球俱乐部", "fullName": "河南建业足球俱乐部", "name": "河南建业"}, {"link": "https://zh.wikipedia.org/wiki/重庆当代力帆足球俱乐部", "fullName": "重庆当代力帆足球俱乐部", "name": "重庆斯威"}, {"link": "https://zh.wikipedia.org/wiki/天津泰达足球俱乐部", "fullName": "天津泰达足球俱乐部", "name": "天津泰达"}, {"link": "https://zh.wikipedia.org/wiki/长春亚泰足球俱乐部", "fullName": "长春亚泰足球俱乐部", "name": "长春亚泰"}, {"link": "https://zh.wikipedia.org/wiki/贵州恒丰足球俱乐部", "fullName": "贵州恒丰足球俱乐部", "name": "贵州恒丰"}]}
{"name": "中国足球协会超级联赛", "link": "https://zh.wikipedia.org/wiki/中国足球协会超级联赛", "brief": "中国足球协会超级联赛（英语：Chinese Football Association Super League，缩写CSL）是由中国足球协会所主辦的最高等級職業足球聯賽。该联赛开始于2004年，脱胎自原中国足球甲级A组联赛。第一届有12支球队参加，首兩届暫停降级制度以便扩充球队数量，於2006年恢復“升二降二”的升降級制度（但由於2006年四川冠城解散、2007年上海申花與上海联城合併、2008年武汉光谷退出及2012年大連實德解散，故这四年都只实行“升二降一”，即从中甲中升兩隊，降一隊到中甲）。\n2008年赛季起正式恢复到原先计划的“升二降二”制度。在中超成立之初，由于硬件设施不能达到中国足协所制定的中超准入标准，辽宁队的参赛资格曾引起过很大争议。2006年4月，为进一步完善中国足球产业的市场化进程，中国足球协会与所有中超联赛参赛俱乐部共同出资成立了中超联赛有限责任公司。2007年由于上海联城和上海申花的合并，总共有15支俱乐部队参加2007赛季中超联赛。2008年，第一次有16支队伍参加中超联赛，但是於10月初，武汉光谷因称中国足协违反程序对其进行不公处罚而退出中超联赛。\n因為國家隊長期成績不佳，加上中國足球各级聯賽均存在管理腐敗，賭球成風問題，2009年后已經引起了中華人民共和國中央領導的關注，包括習近平，劉延東等党和国家领导人分別在不同場合提到中國足球問題以及親身參與中國足球的會議。2009年11月中華人民共和國公安部展開中國足壇反賭風暴行動，大範圍打擊抑制足球發展的賭球行為。\n2012年中國足球超級聯賽十六支球隊單賽季投入超過30億人民幣（約5億美元），為歷屆最高；一些財力雄厚的球隊亦網羅瞭如德羅巴、阿內爾卡、凱塔、羅申巴克、卡努特、雅庫布、巴里奧斯等球星，中超自賭球風波後再次開始被中國國內社會甚至世界球壇所關注；而2012年全年的票房亦為2004年中超成立以來最高。\n2013年中國足球超級聯賽初期，雖然阿內爾卡，德羅巴離開分別加盟尤文圖斯和加拉塔薩雷，但中國足球超級聯賽依舊吸引了埃爾克森、米西莫維奇、瓦羅、斯基亞維、托蘭佐、勒夫等球星的加盟。2014年中國足球超級聯賽亦吸引了蒙蒂略、迪亞曼蒂、吉拉迪諾、比亚特里（英语：Lucas Viatri）及漢克等大牌球星加盟。而且2014赛季中超各俱乐部的总收入突破20亿元，创下中超历史新高。另外中超上座率高居亚洲第一。但在同时，各俱乐部收支失衡，经营模式仍不具备可持续发展性。直至2014赛季中超联赛结束时，各俱乐部总体仍处于亏损状态，只有5家俱乐部实现盈利，分别是广州恒大、贵州人和、上海上港、上海申鑫以及广州富力[1]。为長遠發展，16支中超球队也會投資興建自己球會運動場及足球場。", "Inforbox": [{"Img": "src=\"//upload.wikimedia.org/wikipedia/zh/thumb/d/d8/Chinese_Super_League_Logo.png/230px-Chinese_Super_League_Logo.png\""}, {" 成立年份 ": " 2004年 ，​15年前  ​（ 2004 ）  "}, {" 國家／地區 ": "      中国  "}, {" 所屬聯盟 ": "  AFC  "}, {" 首個球季 ": "  2004年  "}, {" 球隊數目 ": " 16 隊 "}, {" 聯賽系統 ": " 第 1 級 "}, {" 降班至 ": "  中國足球甲級聯賽  "}, {" 本土盃賽 ": "  中國足協盃    中國超級盃  "}, {" 應屆冠軍 ": "  上海上港 （ 2018年 ） "}, {" 最成功球隊 ": "  廣州恒大淘寶 （7次） "}, {" 網站 ": "  中超官網  "}]}
