{"name": "2005-06年中国男子篮球职业联赛", "link": "https://zh.wikipedia.org/wiki/2005-06年中国男子篮球职业联赛", "attendteams": [{"link": "https://zh.wikipedia.org/wiki/北京鸭篮球俱乐部", "fullName": "北京鸭篮球俱乐部", "name": "北京鸭"}, {"link": "https://zh.wikipedia.org/wiki/新疆飞虎篮球俱乐部", "fullName": "新疆飞虎篮球俱乐部", "name": "新疆飞虎"}, {"link": "https://zh.wikipedia.org/wiki/辽宁盼盼篮球俱乐部", "fullName": "辽宁盼盼篮球俱乐部", "name": "辽宁猎人"}, {"link": "https://zh.wikipedia.org/wiki/吉林东北虎篮球俱乐部", "fullName": "吉林东北虎篮球俱乐部", "name": "吉林东北虎"}, {"link": "https://zh.wikipedia.org/wiki/山东狮篮球俱乐部", "fullName": "山东狮篮球俱乐部", "name": "山东金狮"}, {"link": "https://zh.wikipedia.org/wiki/陕西麒麟篮球俱乐部", "fullName": "陕西麒麟篮球俱乐部", "name": "陕西麒麟"}, {"link": "https://zh.wikipedia.org/wiki/河南猛龙篮球俱乐部", "fullName": "河南猛龙篮球俱乐部", "name": "河南猛龙"}, {"link": "https://zh.wikipedia.org/wiki/广东华南虎篮球俱乐部", "fullName": "广东华南虎篮球俱乐部", "name": "广东华南虎"}, {"link": "https://zh.wikipedia.org/wiki/八一火箭篮球俱乐部", "fullName": "八一火箭篮球俱乐部", "name": "八一火箭"}, {"link": "https://zh.wikipedia.org/wiki/江苏龙篮球俱乐部", "fullName": "江苏龙篮球俱乐部", "name": "江苏龙"}, {"link": "https://zh.wikipedia.org/wiki/云南奔牛篮球俱乐部", "fullName": "云南奔牛篮球俱乐部", "name": "云南奔牛"}, {"link": "https://zh.wikipedia.org/wiki/上海大鲨鱼篮球俱乐部", "fullName": "上海大鲨鱼篮球俱乐部", "name": "上海大鲨鱼"}, {"link": "https://zh.wikipedia.org/wiki/福建鲟篮球俱乐部", "fullName": "福建鲟篮球俱乐部", "name": "福建鲟"}, {"link": "https://zh.wikipedia.org/wiki/浙江万马篮球俱乐部", "fullName": "浙江万马篮球俱乐部", "name": "浙江万马"}, {"link": "https://zh.wikipedia.org/wiki/东莞烈豹篮球俱乐部", "fullName": "东莞烈豹篮球俱乐部", "name": "东莞烈豹"}], "Inforbox": [{" 聯盟 ": " \n CBA  "}, {" 體育項目 ": " \n 篮球  "}, {" 進行日期 ": " \n2005年11月20日至2006年4月19日 "}, {" 隊伍數 ": " \n15 "}, {" 電視直播 ": " \n CCTV  "}, {" 聯盟冠軍 ": " \n 广东宏远  "}, {" 第二名 ": " \n 八一双鹿  "}, {" 聯盟冠軍 ": " \n 北京首钢  "}, {"    第二名  ": " \n  新疆广汇   "}, {" 冠军 ": " \n 广东宏远  "}, {"    第二名  ": " \n  八一双鹿   "}, {" 决赛MVP ": " \n 易建联  "}], "brief": "常规赛成绩\n北区\n\n南区\n\n"}
{"name": "2006-07年中国男子篮球职业联赛", "link": "https://zh.wikipedia.org/wiki/2006-07年中国男子篮球职业联赛", "attendteams": [{"link": "https://zh.wikipedia.org/wiki/广东华南虎篮球俱乐部", "fullName": "广东华南虎篮球俱乐部", "name": "广东华南虎"}, {"link": "https://zh.wikipedia.org/wiki/八一火箭篮球俱乐部", "fullName": "八一火箭篮球俱乐部", "name": "八一火箭"}, {"link": "https://zh.wikipedia.org/wiki/江苏龙篮球俱乐部", "fullName": "江苏龙篮球俱乐部", "name": "江苏龙"}, {"link": "https://zh.wikipedia.org/w/index.php?title=辽宁猎人篮球俱乐部&action=edit&redlink=1", "fullName": "辽宁猎人篮球俱乐部（页面不存在）", "name": "辽宁猎人"}, {"link": "https://zh.wikipedia.org/wiki/福建鲟篮球俱乐部", "fullName": "福建鲟篮球俱乐部", "name": "福建鲟"}, {"link": "https://zh.wikipedia.org/wiki/山东狮篮球俱乐部", "fullName": "山东狮篮球俱乐部", "name": "山东金狮"}, {"link": "https://zh.wikipedia.org/wiki/浙江万马篮球俱乐部", "fullName": "浙江万马篮球俱乐部", "name": "浙江万马"}, {"link": "https://zh.wikipedia.org/wiki/上海大鲨鱼篮球俱乐部", "fullName": "上海大鲨鱼篮球俱乐部", "name": "上海大鲨鱼"}, {"link": "https://zh.wikipedia.org/wiki/新疆飞虎篮球俱乐部", "fullName": "新疆飞虎篮球俱乐部", "name": "新疆飞虎"}, {"link": "https://zh.wikipedia.org/wiki/北京鸭篮球俱乐部", "fullName": "北京鸭篮球俱乐部", "name": "北京鸭"}, {"link": "https://zh.wikipedia.org/wiki/吉林东北虎篮球俱乐部", "fullName": "吉林东北虎篮球俱乐部", "name": "吉林东北虎"}, {"link": "https://zh.wikipedia.org/wiki/东莞烈豹篮球俱乐部", "fullName": "东莞烈豹篮球俱乐部", "name": "东莞烈豹"}, {"link": "https://zh.wikipedia.org/wiki/陕西麒麟篮球俱乐部", "fullName": "陕西麒麟篮球俱乐部", "name": "陕西麒麟"}, {"link": "https://zh.wikipedia.org/wiki/浙江猛狮篮球俱乐部", "fullName": "浙江猛狮篮球俱乐部", "name": "浙江猛狮"}, {"link": "https://zh.wikipedia.org/wiki/山西猛龙篮球俱乐部", "fullName": "山西猛龙篮球俱乐部", "name": "山西猛龙"}, {"link": "https://zh.wikipedia.org/wiki/云南奔牛篮球俱乐部", "fullName": "云南奔牛篮球俱乐部", "name": "云南奔牛"}], "Inforbox": [{" 聯盟 ": " \n CBA  "}, {" 體育項目 ": " \n 篮球  "}, {" 進行日期 ": " \n2006年10月7日—2007年3月28日 "}, {" 隊伍數 ": " \n16 "}, {" 電視直播 ": " \n CCTV 、各地方电视台 "}, {" 赛季冠军 ": " \n 广东宏远  "}, {" 賽季MVP ": " \n 唐正东  "}, {" 冠军 ": " \n 八一双鹿  "}, {"    第二名  ": " \n  广东宏远   "}, {" 决赛MVP ": " \n 王治郅  "}], "brief": "2006-07年中国男子篮球职业联赛共有16支球队参加，其中常规赛排名前8的球队晋级季后赛。在常规赛季中广东华南虎、八一火箭、江苏龙、辽宁猎人、山东金狮、浙江万马、福建鲟、上海大鲨鱼8支球队分列常规赛1-8位，进入了季后赛。其中上海大鲨鱼是在姚明离队之后首次打入CBA季后赛。\n\n最后上一年度的两支总决赛球队广东华南虎和八一火箭再次会师该赛季总决赛，最终以王治郅为核心的八一队总比分4-1击败了此前已经三连冠的卫冕冠军广东华南虎，历史上第8次捧起了CBA总冠军奖杯，而准备前往NBA的广东队主将易建联未能给自己在CBA联赛中完美谢幕。\n\n"}
{"name": "2007-08年中国男子篮球职业联赛", "link": "https://zh.wikipedia.org/wiki/2007-08年中国男子篮球职业联赛", "attendteams": [{"link": "https://zh.wikipedia.org/wiki/广东华南虎篮球俱乐部", "fullName": "广东华南虎篮球俱乐部", "name": "广东宏远"}, {"link": "https://zh.wikipedia.org/wiki/江苏龙篮球俱乐部", "fullName": "江苏龙篮球俱乐部", "name": "江苏大华"}, {"link": "https://zh.wikipedia.org/wiki/山东狮篮球俱乐部", "fullName": "山东狮篮球俱乐部", "name": "山东黄金"}, {"link": "https://zh.wikipedia.org/wiki/辽宁盼盼篮球俱乐部", "fullName": "辽宁盼盼篮球俱乐部", "name": "辽宁盼盼"}, {"link": "https://zh.wikipedia.org/wiki/东莞烈豹篮球俱乐部", "fullName": "东莞烈豹篮球俱乐部", "name": "东莞马可波罗"}, {"link": "https://zh.wikipedia.org/wiki/八一火箭篮球俱乐部", "fullName": "八一火箭篮球俱乐部", "name": "八一双鹿电池"}, {"link": "https://zh.wikipedia.org/wiki/福建鲟篮球俱乐部", "fullName": "福建鲟篮球俱乐部", "name": "福建SBS"}, {"link": "https://zh.wikipedia.org/wiki/浙江猛狮篮球俱乐部", "fullName": "浙江猛狮篮球俱乐部", "name": "浙江广厦建设"}, {"link": "https://zh.wikipedia.org/wiki/北京鸭篮球俱乐部", "fullName": "北京鸭篮球俱乐部", "name": "北京金隅"}, {"link": "https://zh.wikipedia.org/wiki/浙江万马篮球俱乐部", "fullName": "浙江万马篮球俱乐部", "name": "浙江万马电缆"}, {"link": "https://zh.wikipedia.org/wiki/新疆飞虎篮球俱乐部", "fullName": "新疆飞虎篮球俱乐部", "name": "新疆广汇"}, {"link": "https://zh.wikipedia.org/wiki/云南奔牛篮球俱乐部", "fullName": "云南奔牛篮球俱乐部", "name": "云南红河"}, {"link": "https://zh.wikipedia.org/wiki/上海大鲨鱼篮球俱乐部", "fullName": "上海大鲨鱼篮球俱乐部", "name": "上海西洋"}, {"link": "https://zh.wikipedia.org/wiki/吉林东北虎篮球俱乐部", "fullName": "吉林东北虎篮球俱乐部", "name": "吉林迈尔通达"}, {"link": "https://zh.wikipedia.org/wiki/陕西麒麟篮球俱乐部", "fullName": "陕西麒麟篮球俱乐部", "name": "陕西蔚利信"}, {"link": "https://zh.wikipedia.org/wiki/山西猛龙篮球俱乐部", "fullName": "山西猛龙篮球俱乐部", "name": "山西中宇"}], "Inforbox": [{" 聯盟 ": " \n CBA  "}, {" 體育項目 ": " \n 篮球  "}, {" 進行日期 ": " \n2007年10月27日—2008年2月22日 "}, {" 隊伍數 ": " \n16 "}, {" 電視直播 ": " \n CCTV 、各地方电视台 "}, {" 赛季冠军 ": " \n 广东宏远  "}, {" 賽季MVP ": " \n 朱芳雨  "}, {" 冠军 ": " \n 广东宏远  "}, {"    第二名  ": " \n  辽宁盼盼   "}, {" 决赛MVP ": " \n 朱芳雨  "}], "brief": "2007－08年中国男子篮球职业联赛是中国男子篮球职业联赛的第13个赛季，一共有16支球队参加。由于北京奥运的关系，篮协决定将联赛缩短。这个赛季的常规赛一共进行30轮，每支球队和其他15支球队各打一场主场和客场。常规赛前八名进入季后赛。虽然易建联前往NBA打球，但广东宏远仍然夺得总冠军，这也是宏远队史上第四次夺得CBA总冠军。\n\n"}
{"name": "2008-09年中国男子篮球职业联赛", "link": "https://zh.wikipedia.org/wiki/2008-09年中国男子篮球职业联赛", "attendteams": [{"link": "https://zh.wikipedia.org/wiki/辽宁盼盼篮球俱乐部", "fullName": "辽宁盼盼篮球俱乐部", "name": "辽宁盼盼"}, {"link": "https://zh.wikipedia.org/wiki/山东狮篮球俱乐部", "fullName": "山东狮篮球俱乐部", "name": "山东黄金"}, {"link": "https://zh.wikipedia.org/wiki/新疆飞虎篮球俱乐部", "fullName": "新疆飞虎篮球俱乐部", "name": "新疆广汇"}, {"link": "https://zh.wikipedia.org/wiki/北京鸭篮球俱乐部", "fullName": "北京鸭篮球俱乐部", "name": "北京金隅"}, {"link": "https://zh.wikipedia.org/wiki/吉林东北虎篮球俱乐部", "fullName": "吉林东北虎篮球俱乐部", "name": "长春大成生化"}, {"link": "https://zh.wikipedia.org/wiki/陕西麒麟篮球俱乐部", "fullName": "陕西麒麟篮球俱乐部", "name": "陕西亚旅联盟"}, {"link": "https://zh.wikipedia.org/wiki/山西猛龙篮球俱乐部", "fullName": "山西猛龙篮球俱乐部", "name": "山西中宇"}, {"link": "https://zh.wikipedia.org/wiki/天津荣钢金狮篮球俱乐部", "fullName": "天津荣钢金狮篮球俱乐部", "name": "天津荣程钢铁"}, {"link": "https://zh.wikipedia.org/wiki/青岛双星篮球俱乐部", "fullName": "青岛双星篮球俱乐部", "name": "青岛双星"}, {"link": "https://zh.wikipedia.org/wiki/广东华南虎篮球俱乐部", "fullName": "广东华南虎篮球俱乐部", "name": "广东东莞银行"}, {"link": "https://zh.wikipedia.org/wiki/江苏龙篮球俱乐部", "fullName": "江苏龙篮球俱乐部", "name": "江苏德玛斯特"}, {"link": "https://zh.wikipedia.org/wiki/东莞烈豹篮球俱乐部", "fullName": "东莞烈豹篮球俱乐部", "name": "东莞马可波罗"}, {"link": "https://zh.wikipedia.org/wiki/八一火箭篮球俱乐部", "fullName": "八一火箭篮球俱乐部", "name": "八一双鹿电池"}, {"link": "https://zh.wikipedia.org/wiki/福建鲟篮球俱乐部", "fullName": "福建鲟篮球俱乐部", "name": "福建SBS"}, {"link": "https://zh.wikipedia.org/wiki/浙江猛狮篮球俱乐部", "fullName": "浙江猛狮篮球俱乐部", "name": "浙江广厦建设"}, {"link": "https://zh.wikipedia.org/wiki/浙江万马篮球俱乐部", "fullName": "浙江万马篮球俱乐部", "name": "浙江万马电缆"}, {"link": "https://zh.wikipedia.org/wiki/上海大鲨鱼篮球俱乐部", "fullName": "上海大鲨鱼篮球俱乐部", "name": "上海西洋"}, {"link": "https://zh.wikipedia.org/wiki/云南奔牛篮球俱乐部", "fullName": "云南奔牛篮球俱乐部", "name": "云南红云红河"}], "Inforbox": [{" 聯盟 ": " \n CBA  "}, {" 體育項目 ": " \n 篮球  "}, {" 進行日期 ": " \n2008年11月15日—2009年5月3日 "}, {" 隊伍數 ": " \n18 "}, {" 電視直播 ": " \n CCTV 、 青海卫视 、各地方电视台 "}, {" 赛季冠军 ": " \n 广东东莞银行  "}, {" 賽季MVP ": " \n 巴特尔  "}, {" 最高得分 ": " \n 罗德尼·怀特  （ 浙江广厦 ） "}, {" 冠军 ": " \n 广东东莞银行  "}, {"    第二名  ": " \n  新疆广汇   "}], "brief": "2008－09年中国男子篮球职业联赛是中国男子篮球职业联赛的第14个赛季。这个赛季新加入天津荣钢和青岛双星两支球队，并且恢复南北分区。联赛分为常规赛和季后赛两个阶段，首先进行50轮常规赛（每支球队要和同区球队进行4场比赛，和不同区球队进行2场比赛），之后联赛前8名的球队进行季后赛。常规赛从2008年11月15日开始，2009年3月20日结束，总场次达到空前的450场，是CBA有史以来最长的一个赛季。广东东莞银行获得了常规赛冠军以及最后的总冠军。\n\n"}
{"name": "2009-10年中国男子篮球职业联赛", "link": "https://zh.wikipedia.org/wiki/2009-10年中国男子篮球职业联赛", "attendteams": [{"link": "https://zh.wikipedia.org/wiki/广东华南虎篮球俱乐部", "fullName": "广东华南虎篮球俱乐部", "name": "广东东莞银行"}, {"link": "https://zh.wikipedia.org/wiki/新疆飞虎篮球俱乐部", "fullName": "新疆飞虎篮球俱乐部", "name": "新疆广汇汽车"}, {"link": "https://zh.wikipedia.org/wiki/浙江猛狮篮球俱乐部", "fullName": "浙江猛狮篮球俱乐部", "name": "浙江广厦控股"}, {"link": "https://zh.wikipedia.org/wiki/上海大鲨鱼篮球俱乐部", "fullName": "上海大鲨鱼篮球俱乐部", "name": "上海玛吉斯轮胎"}, {"link": "https://zh.wikipedia.org/wiki/辽宁盼盼篮球俱乐部", "fullName": "辽宁盼盼篮球俱乐部", "name": "辽宁盼盼"}, {"link": "https://zh.wikipedia.org/wiki/江苏龙篮球俱乐部", "fullName": "江苏龙篮球俱乐部", "name": "江苏德玛斯特"}, {"link": "https://zh.wikipedia.org/wiki/福建鲟篮球俱乐部", "fullName": "福建鲟篮球俱乐部", "name": "福建SBS"}, {"link": "https://zh.wikipedia.org/wiki/八一火箭篮球俱乐部", "fullName": "八一火箭篮球俱乐部", "name": "八一双鹿电池"}, {"link": "https://zh.wikipedia.org/wiki/山东狮篮球俱乐部", "fullName": "山东狮篮球俱乐部", "name": "山东黄金"}, {"link": "https://zh.wikipedia.org/wiki/浙江万马篮球俱乐部", "fullName": "浙江万马篮球俱乐部", "name": "浙江稠州银行"}, {"link": "https://zh.wikipedia.org/wiki/东莞烈豹篮球俱乐部", "fullName": "东莞烈豹篮球俱乐部", "name": "东莞马可波罗"}, {"link": "https://zh.wikipedia.org/wiki/天津荣钢金狮篮球俱乐部", "fullName": "天津荣钢金狮篮球俱乐部", "name": "天津荣钢"}, {"link": "https://zh.wikipedia.org/wiki/吉林东北虎篮球俱乐部", "fullName": "吉林东北虎篮球俱乐部", "name": "吉林龙润茶"}, {"link": "https://zh.wikipedia.org/wiki/山西猛龙篮球俱乐部", "fullName": "山西猛龙篮球俱乐部", "name": "山西汾酒"}, {"link": "https://zh.wikipedia.org/wiki/北京鸭篮球俱乐部", "fullName": "北京鸭篮球俱乐部", "name": "北京金隅"}, {"link": "https://zh.wikipedia.org/wiki/青岛双星篮球俱乐部", "fullName": "青岛双星篮球俱乐部", "name": "青岛双星"}, {"link": "https://zh.wikipedia.org/wiki/陕西麒麟篮球俱乐部", "fullName": "陕西麒麟篮球俱乐部", "name": "陕西锂源动力"}], "Inforbox": [{" 聯盟 ": " \n CBA  "}, {" 體育項目 ": " \n 篮球  "}, {" 進行日期 ": " \n2009年12月19日—2010年4月25日 "}, {" 隊伍數 ": " \n17 "}, {" 電視直播 ": " \n CCTV 、各地方电视台 "}, {" 赛季冠军 ": " \n 广东华南虎  "}, {" 賽季MVP ": " \n 孟克·巴特尔 (常规赛) "}], "brief": "2009－10年中国男子篮球职业联赛是中国男子篮球职业联赛的第15个赛季，共有17支球队参加。联赛分为常规赛和季后赛两个阶段，常规赛于2009年12月19日开始，2010年3月14日结束，为主客场双循环赛制，共34轮。常规赛前8名球队进入季后赛。季后赛于2010年3月24日开始，四分之一决赛和半决赛采用五场三胜制，总决赛采用七场四胜制，于2010年4月25日结束。由于中国全国于4月21日举行玉树地震遇难者悼念活动，原定于4月21日进行的总决赛第三场推迟至4月22日进行。\n\n"}
{"name": "2010-11年中国男子篮球职业联赛", "link": "https://zh.wikipedia.org/wiki/2010-11年中国男子篮球职业联赛", "attendteams": [{"link": "https://zh.wikipedia.org/wiki/新疆飞虎篮球俱乐部", "fullName": "新疆飞虎篮球俱乐部", "name": "新疆广汇汽车"}, {"link": "https://zh.wikipedia.org/wiki/广东华南虎篮球俱乐部", "fullName": "广东华南虎篮球俱乐部", "name": "广东东莞银行"}, {"link": "https://zh.wikipedia.org/wiki/东莞烈豹篮球俱乐部", "fullName": "东莞烈豹篮球俱乐部", "name": "东莞马可波罗"}, {"link": "https://zh.wikipedia.org/wiki/江苏龙篮球俱乐部", "fullName": "江苏龙篮球俱乐部", "name": "江苏国信地产"}, {"link": "https://zh.wikipedia.org/wiki/浙江金牛篮球俱乐部", "fullName": "浙江金牛篮球俱乐部", "name": "浙江稠州银行"}, {"link": "https://zh.wikipedia.org/wiki/浙江猛狮篮球俱乐部", "fullName": "浙江猛狮篮球俱乐部", "name": "浙江广厦明凯"}, {"link": "https://zh.wikipedia.org/wiki/八一火箭篮球俱乐部", "fullName": "八一火箭篮球俱乐部", "name": "八一双鹿电池"}, {"link": "https://zh.wikipedia.org/wiki/北京鸭篮球俱乐部", "fullName": "北京鸭篮球俱乐部", "name": "北京金隅"}, {"link": "https://zh.wikipedia.org/wiki/山西猛龙篮球俱乐部", "fullName": "山西猛龙篮球俱乐部", "name": "山西汾酒集团"}, {"link": "https://zh.wikipedia.org/wiki/辽宁盼盼篮球俱乐部", "fullName": "辽宁盼盼篮球俱乐部", "name": "辽宁盼盼"}, {"link": "https://zh.wikipedia.org/wiki/山东狮篮球俱乐部", "fullName": "山东狮篮球俱乐部", "name": "山东黄金"}, {"link": "https://zh.wikipedia.org/wiki/上海大鲨鱼篮球俱乐部", "fullName": "上海大鲨鱼篮球俱乐部", "name": "上海玛吉斯轮胎"}, {"link": "https://zh.wikipedia.org/wiki/吉林东北虎篮球俱乐部", "fullName": "吉林东北虎篮球俱乐部", "name": "吉林龙润茶"}, {"link": "https://zh.wikipedia.org/wiki/佛山麒麟篮球俱乐部", "fullName": "佛山麒麟篮球俱乐部", "name": "佛山能兴怡翠"}, {"link": "https://zh.wikipedia.org/wiki/青岛双星篮球俱乐部", "fullName": "青岛双星篮球俱乐部", "name": "青岛双星"}, {"link": "https://zh.wikipedia.org/wiki/福建鲟篮球俱乐部", "fullName": "福建鲟篮球俱乐部", "name": "福建SBS"}, {"link": "https://zh.wikipedia.org/wiki/天津荣钢金狮篮球俱乐部", "fullName": "天津荣钢金狮篮球俱乐部", "name": "天津荣钢"}], "Inforbox": [{" 聯盟 ": " \n CBA  "}, {" 體育項目 ": " \n 篮球  "}, {" 進行日期 ": " \n2010年12月10日—2011年4月29日 "}, {" 隊伍數 ": " \n17 "}, {" 電視直播 ": " \n CCTV 、各地方电视台 "}], "brief": "2010－11年中国男子篮球职业联赛是中国男子篮球职业联赛的第16个赛季，共有17支球队参加。联赛分为常规赛和季后赛两个阶段，常规赛于2010年12月10日开始，2011年3月11日结束，为主客场双循环赛制，共34轮。常规赛前8名球队进入季后赛。季后赛于2011年3月23日开始，四分之一决赛和半决赛采用五场三胜制，总决赛采用七场四胜制，最晚于2011年4月29日结束。\n\n"}
{"name": "2011-12年中国男子篮球职业联赛", "link": "https://zh.wikipedia.org/wiki/2011-12年中国男子篮球职业联赛", "attendteams": [{"link": "https://zh.wikipedia.org/wiki/广东华南虎篮球俱乐部", "fullName": "广东华南虎篮球俱乐部", "name": "广东东莞银行"}, {"link": "https://zh.wikipedia.org/wiki/北京鸭篮球俱乐部", "fullName": "北京鸭篮球俱乐部", "name": "北京金隅"}, {"link": "https://zh.wikipedia.org/wiki/山西猛龙篮球俱乐部", "fullName": "山西猛龙篮球俱乐部", "name": "山西汾酒集团"}, {"link": "https://zh.wikipedia.org/wiki/新疆飞虎篮球俱乐部", "fullName": "新疆飞虎篮球俱乐部", "name": "新疆沃尔沃"}, {"link": "https://zh.wikipedia.org/wiki/东莞烈豹篮球俱乐部", "fullName": "东莞烈豹篮球俱乐部", "name": "东莞马可波罗"}, {"link": "https://zh.wikipedia.org/wiki/上海大鲨鱼篮球俱乐部", "fullName": "上海大鲨鱼篮球俱乐部", "name": "上海玛吉斯轮胎"}, {"link": "https://zh.wikipedia.org/wiki/浙江猛狮篮球俱乐部", "fullName": "浙江猛狮篮球俱乐部", "name": "浙江广厦明凯"}, {"link": "https://zh.wikipedia.org/wiki/福建鲟篮球俱乐部", "fullName": "福建鲟篮球俱乐部", "name": "福建SBS"}, {"link": "https://zh.wikipedia.org/wiki/青岛双星篮球俱乐部", "fullName": "青岛双星篮球俱乐部", "name": "青岛双星"}, {"link": "https://zh.wikipedia.org/wiki/辽宁盼盼篮球俱乐部", "fullName": "辽宁盼盼篮球俱乐部", "name": "辽宁盼盼"}, {"link": "https://zh.wikipedia.org/wiki/浙江金牛篮球俱乐部", "fullName": "浙江金牛篮球俱乐部", "name": "浙江稠州银行"}, {"link": "https://zh.wikipedia.org/wiki/吉林东北虎篮球俱乐部", "fullName": "吉林东北虎篮球俱乐部", "name": "吉林龙润茶"}, {"link": "https://zh.wikipedia.org/wiki/山东狮篮球俱乐部", "fullName": "山东狮篮球俱乐部", "name": "山东黄金"}, {"link": "https://zh.wikipedia.org/wiki/八一火箭篮球俱乐部", "fullName": "八一火箭篮球俱乐部", "name": "八一双鹿电池"}, {"link": "https://zh.wikipedia.org/wiki/天津荣钢金狮篮球俱乐部", "fullName": "天津荣钢金狮篮球俱乐部", "name": "天津荣钢"}, {"link": "https://zh.wikipedia.org/wiki/佛山麒麟篮球俱乐部", "fullName": "佛山麒麟篮球俱乐部", "name": "佛山能兴怡翠"}, {"link": "https://zh.wikipedia.org/wiki/江苏龙篮球俱乐部", "fullName": "江苏龙篮球俱乐部", "name": "江苏南钢"}], "Inforbox": [{" 聯盟 ": " \n CBA  "}, {" 體育項目 ": " \n 篮球  "}, {" 進行日期 ": " \n2011年11月19日—2012年3月30日 "}, {" 隊伍數 ": " \n17 "}, {" 電視直播 ": " \n CCTV5 、各地方电视台 "}, {" 赛季冠军 ": " \n 广东东莞银行  "}, {" 賽季MVP ": " \n 朱芳雨  "}, {" 最高得分 ": " \n J·R·史密斯 （34.4分） "}, {" 冠军 ": " \n 北京金隅  "}, {"    第二名  ": " \n  广东东莞银行   "}, {" 决赛MVP ": " \n 李学林  "}], "brief": "2011－12年中国男子篮球职业联赛是中国男子篮球职业联赛的第17个赛季，共有17支球队参加。联赛分为常规赛和季后赛两个阶段，常规赛于2011年11月19日开始，2012年2月11日结束，为主客场双循环赛制，共34轮。常规赛前8名球队进入季后赛。\n\n"}
{"name": "2012-13年中国男子篮球职业联赛", "link": "https://zh.wikipedia.org/wiki/2012-13年中国男子篮球职业联赛", "attendteams": [{"link": "https://zh.wikipedia.org/wiki/广东华南虎篮球俱乐部", "fullName": "广东华南虎篮球俱乐部", "name": "广东东莞银行"}, {"link": "https://zh.wikipedia.org/wiki/山东狮篮球俱乐部", "fullName": "山东狮篮球俱乐部", "name": "山东黄金"}, {"link": "https://zh.wikipedia.org/wiki/北京鸭篮球俱乐部", "fullName": "北京鸭篮球俱乐部", "name": "北京金隅"}, {"link": "https://zh.wikipedia.org/wiki/新疆飞虎篮球俱乐部", "fullName": "新疆飞虎篮球俱乐部", "name": "新疆广汇能源"}, {"link": "https://zh.wikipedia.org/wiki/辽宁盼盼篮球俱乐部", "fullName": "辽宁盼盼篮球俱乐部", "name": "辽宁衡业"}, {"link": "https://zh.wikipedia.org/wiki/浙江猛狮篮球俱乐部", "fullName": "浙江猛狮篮球俱乐部", "name": "浙江广厦"}, {"link": "https://zh.wikipedia.org/wiki/东莞烈豹篮球俱乐部", "fullName": "东莞烈豹篮球俱乐部", "name": "东莞马可波罗"}, {"link": "https://zh.wikipedia.org/wiki/浙江金牛篮球俱乐部", "fullName": "浙江金牛篮球俱乐部", "name": "浙江稠州银行"}, {"link": "https://zh.wikipedia.org/wiki/八一火箭篮球俱乐部", "fullName": "八一火箭篮球俱乐部", "name": "八一双鹿电池"}, {"link": "https://zh.wikipedia.org/wiki/山西猛龙篮球俱乐部", "fullName": "山西猛龙篮球俱乐部", "name": "山西汾酒集团"}, {"link": "https://zh.wikipedia.org/wiki/佛山麒麟篮球俱乐部", "fullName": "佛山麒麟篮球俱乐部", "name": "佛山友诚金融"}, {"link": "https://zh.wikipedia.org/wiki/江苏龙篮球俱乐部", "fullName": "江苏龙篮球俱乐部", "name": "江苏中天钢铁"}, {"link": "https://zh.wikipedia.org/wiki/福建鲟篮球俱乐部", "fullName": "福建鲟篮球俱乐部", "name": "福建泉州银行"}, {"link": "https://zh.wikipedia.org/wiki/上海大鲨鱼篮球俱乐部", "fullName": "上海大鲨鱼篮球俱乐部", "name": "上海玛吉斯"}, {"link": "https://zh.wikipedia.org/wiki/吉林东北虎篮球俱乐部", "fullName": "吉林东北虎篮球俱乐部", "name": "吉林九台农商"}, {"link": "https://zh.wikipedia.org/wiki/天津荣钢金狮篮球俱乐部", "fullName": "天津荣钢金狮篮球俱乐部", "name": "天津荣钢"}, {"link": "https://zh.wikipedia.org/wiki/青岛雄鹰篮球俱乐部", "fullName": "青岛雄鹰篮球俱乐部", "name": "青岛双星"}], "Inforbox": [{" 聯盟 ": " \n CBA  "}, {" 體育項目 ": " \n 篮球  "}, {" 進行日期 ": " \n2012年11月24日—2013年3月29日 "}, {" 隊伍數 ": " \n17 "}, {" 電視直播 ": " \n CCTV5 、 宁夏卫视 、各地方电视台 "}, {" 赛季冠军 ": " \n 广东东莞银行  "}, {" 賽季MVP ": " \n 易建联  （国内）   斯蒂芬·马布里  （外籍）  "}, {" 最高得分 ": " \n 昆西·杜比 （32.6分） "}, {" 冠军 ": " \n 广东东莞银行  "}, {"    第二名  ": " \n  山东黄金   "}, {" 决赛MVP ": " \n 易建联  "}], "brief": "2012-13年中国男子篮球职业联赛是中国男子篮球职业联赛的第18个赛季，共有17支球队参加。联赛分为常规赛和季后赛两个阶段，常规赛于2012年11月24日开始，2013年2月17日结束，为主客场双循环赛制，共32轮。常规赛前8名球队进入季后赛。\n\n"}
{"name": "2013-14年中国男子篮球职业联赛", "link": "https://zh.wikipedia.org/wiki/2013-14年中国男子篮球职业联赛", "attendteams": [{"link": "https://zh.wikipedia.org/wiki/广东华南虎篮球俱乐部", "fullName": "广东华南虎篮球俱乐部", "name": "广东东莞银行"}, {"link": "https://zh.wikipedia.org/wiki/新疆飞虎篮球俱乐部", "fullName": "新疆飞虎篮球俱乐部", "name": "新疆广汇能源"}, {"link": "https://zh.wikipedia.org/wiki/东莞烈豹篮球俱乐部", "fullName": "东莞烈豹篮球俱乐部", "name": "东莞马可波罗"}, {"link": "https://zh.wikipedia.org/wiki/北京鸭篮球俱乐部", "fullName": "北京鸭篮球俱乐部", "name": "北京金隅"}, {"link": "https://zh.wikipedia.org/wiki/浙江猛狮篮球俱乐部", "fullName": "浙江猛狮篮球俱乐部", "name": "浙江广厦"}, {"link": "https://zh.wikipedia.org/wiki/天津荣钢金狮篮球俱乐部", "fullName": "天津荣钢金狮篮球俱乐部", "name": "天津融宝支付"}, {"link": "https://zh.wikipedia.org/wiki/辽宁盼盼篮球俱乐部", "fullName": "辽宁盼盼篮球俱乐部", "name": "辽宁衡业"}, {"link": "https://zh.wikipedia.org/wiki/上海大鲨鱼篮球俱乐部", "fullName": "上海大鲨鱼篮球俱乐部", "name": "上海玛吉斯"}, {"link": "https://zh.wikipedia.org/wiki/山东狮篮球俱乐部", "fullName": "山东狮篮球俱乐部", "name": "山东黄金"}, {"link": "https://zh.wikipedia.org/wiki/福建鲟篮球俱乐部", "fullName": "福建鲟篮球俱乐部", "name": "福建泉州银行"}, {"link": "https://zh.wikipedia.org/wiki/江苏龙篮球俱乐部", "fullName": "江苏龙篮球俱乐部", "name": "江苏中天钢铁"}, {"link": "https://zh.wikipedia.org/wiki/四川金强蓝鲸篮球俱乐部", "fullName": "四川金强蓝鲸篮球俱乐部", "name": "四川爱家"}, {"link": "https://zh.wikipedia.org/wiki/浙江金牛篮球俱乐部", "fullName": "浙江金牛篮球俱乐部", "name": "浙江稠州银行"}, {"link": "https://zh.wikipedia.org/wiki/吉林东北虎篮球俱乐部", "fullName": "吉林东北虎篮球俱乐部", "name": "吉林九台农商"}, {"link": "https://zh.wikipedia.org/wiki/佛山麒麟篮球俱乐部", "fullName": "佛山麒麟篮球俱乐部", "name": "佛山龙狮"}, {"link": "https://zh.wikipedia.org/wiki/山西猛龙篮球俱乐部", "fullName": "山西猛龙篮球俱乐部", "name": "山西汾酒集团"}, {"link": "https://zh.wikipedia.org/wiki/八一火箭篮球俱乐部", "fullName": "八一火箭篮球俱乐部", "name": "八一双鹿电池"}, {"link": "https://zh.wikipedia.org/wiki/青岛雄鹰篮球俱乐部", "fullName": "青岛雄鹰篮球俱乐部", "name": "青岛双星"}], "Inforbox": [{" 聯盟 ": " \n CBA  "}, {" 體育項目 ": " \n 篮球  "}, {" 進行日期 ": " \n2013年11月8日—2014年4月8日 "}, {" 隊伍數 ": " \n18 "}, {" 電視直播 ": " \n CCTV5 、 CCTV-5+ 、各地方电视台 "}, {" 赛季冠军 ": " \n 广东东莞银行  "}, {" 最高得分 ": " \n 迈克尔·菲巴 （36.5分） "}, {" 决赛冠军 ": " \n 北京金隅  "}, {"    第二名  ": " \n  新疆广汇能源   "}, {" 决赛MVP ": " \n 兰多夫·莫里斯  "}], "brief": "2013-14年中国男子篮球职业联赛是中国男子篮球职业联赛的第19个赛季。2013年9月29日，联赛委员会表决25票全部通过四川金强成为CBA新赛季的“升班马”，故而新赛季的CBA球队数量增加到18支[1]。联赛分为常规赛和季后赛两个阶段，常规赛于2013年11月8日开始，2014年2月16日结束，为主客场双循环赛制，共34轮。常规赛前8名球队进入季后赛。\n\n"}
{"name": "2014-15年中国男子篮球职业联赛", "link": "https://zh.wikipedia.org/wiki/2014-15年中国男子篮球职业联赛", "attendteams": [{"link": "https://zh.wikipedia.org/wiki/广东华南虎篮球俱乐部", "fullName": "广东华南虎篮球俱乐部", "name": "广东东莞银行"}, {"link": "https://zh.wikipedia.org/wiki/辽宁盼盼篮球俱乐部", "fullName": "辽宁盼盼篮球俱乐部", "name": "辽宁药都本溪"}, {"link": "https://zh.wikipedia.org/wiki/青岛雄鹰篮球俱乐部", "fullName": "青岛雄鹰篮球俱乐部", "name": "青岛双星"}, {"link": "https://zh.wikipedia.org/wiki/北京鸭篮球俱乐部", "fullName": "北京鸭篮球俱乐部", "name": "北京首钢"}, {"link": "https://zh.wikipedia.org/wiki/吉林东北虎篮球俱乐部", "fullName": "吉林东北虎篮球俱乐部", "name": "吉林九台农商银行"}, {"link": "https://zh.wikipedia.org/wiki/山西猛龙篮球俱乐部", "fullName": "山西猛龙篮球俱乐部", "name": "山西汾酒集团"}, {"link": "https://zh.wikipedia.org/wiki/浙江猛狮篮球俱乐部", "fullName": "浙江猛狮篮球俱乐部", "name": "浙江广厦控股"}, {"link": "https://zh.wikipedia.org/wiki/东莞烈豹篮球俱乐部", "fullName": "东莞烈豹篮球俱乐部", "name": "东莞马可波罗"}, {"link": "https://zh.wikipedia.org/wiki/新疆飞虎篮球俱乐部", "fullName": "新疆飞虎篮球俱乐部", "name": "新疆天山农商银行"}, {"link": "https://zh.wikipedia.org/wiki/佛山麒麟篮球俱乐部", "fullName": "佛山麒麟篮球俱乐部", "name": "佛山农商银行"}, {"link": "https://zh.wikipedia.org/wiki/山东狮篮球俱乐部", "fullName": "山东狮篮球俱乐部", "name": "山东高速"}, {"link": "https://zh.wikipedia.org/wiki/上海大鲨鱼篮球俱乐部", "fullName": "上海大鲨鱼篮球俱乐部", "name": "上海玛吉斯"}, {"link": "https://zh.wikipedia.org/wiki/天津荣钢金狮篮球俱乐部", "fullName": "天津荣钢金狮篮球俱乐部", "name": "天津融宝支付"}, {"link": "https://zh.wikipedia.org/wiki/江苏龙篮球俱乐部", "fullName": "江苏龙篮球俱乐部", "name": "江苏中天钢铁"}, {"link": "https://zh.wikipedia.org/wiki/浙江金牛篮球俱乐部", "fullName": "浙江金牛篮球俱乐部", "name": "浙江稠州银行"}, {"link": "https://zh.wikipedia.org/wiki/福建鲟篮球俱乐部", "fullName": "福建鲟篮球俱乐部", "name": "福建泉州银行"}, {"link": "https://zh.wikipedia.org/wiki/江苏同曦篮球俱乐部", "fullName": "江苏同曦篮球俱乐部", "name": "江苏同曦"}, {"link": "https://zh.wikipedia.org/wiki/四川金强蓝鲸篮球俱乐部", "fullName": "四川金强蓝鲸篮球俱乐部", "name": "四川野马汽车"}, {"link": "https://zh.wikipedia.org/wiki/八一火箭篮球俱乐部", "fullName": "八一火箭篮球俱乐部", "name": "八一双鹿电池"}, {"link": "https://zh.wikipedia.org/wiki/重庆翱龙篮球俱乐部", "fullName": "重庆翱龙篮球俱乐部", "name": "重庆三雄极光"}], "Inforbox": [{" 聯盟 ": " \n CBA  "}, {" 體育項目 ": " \n 篮球  "}, {" 進行日期 ": " \n2014年11月1日—2015年3月22日 "}, {" 隊伍數 ": " \n20 "}, {" 電視直播 ": " \n CCTV5 、 CCTV-5+ 、各地方电视台 "}, {" 赛季冠军 ": " \n 广东东莞银行  "}, {" 賽季MVP ": " \n 易建联 、 雷斯特·哈德森  "}, {" 决赛冠军 ": " \n 北京首钢  "}, {"    第二名  ": " \n  辽宁药都本溪   "}, {" 决赛MVP ": " \n 斯蒂芬·马布里  "}], "brief": "2014-15年中国男子篮球职业联赛是中国男子篮球职业联赛的第20个赛季。2014年9月3日，联赛委员会成员进行投票表决确认江苏同曦、重庆翱龙成为CBA新赛季的“升班马”，故而新赛季的CBA球队数量增加到20支[1]。联赛分为常规赛和季后赛两个阶段，常规赛于2014年11月1日开始，1月17和18日全明星周末，2月6日季后赛开始，3月10日进行总决赛第一场，为主客场双循环赛制，共38轮。常规赛前8名球队进入季后赛。\n\n"}
{"name": "2015-16年中国男子篮球职业联赛", "link": "https://zh.wikipedia.org/wiki/2015-16年中国男子篮球职业联赛", "attendteams": [{"link": "https://zh.wikipedia.org/wiki/辽宁衡润飞豹篮球俱乐部", "fullName": "辽宁衡润飞豹篮球俱乐部", "name": "辽宁药都本溪"}, {"link": "https://zh.wikipedia.org/wiki/新疆广汇飞虎篮球俱乐部", "fullName": "新疆广汇飞虎篮球俱乐部", "name": "天山农商银行"}, {"link": "https://zh.wikipedia.org/wiki/四川金强蓝鲸篮球俱乐部", "fullName": "四川金强蓝鲸篮球俱乐部", "name": "四川金强"}, {"link": "https://zh.wikipedia.org/wiki/广东宏远华南虎篮球俱乐部", "fullName": "广东宏远华南虎篮球俱乐部", "name": "广东东莞银行"}, {"link": "https://zh.wikipedia.org/wiki/山东高速金星篮球俱乐部", "fullName": "山东高速金星篮球俱乐部", "name": "山东高速"}, {"link": "https://zh.wikipedia.org/wiki/浙江广厦猛狮篮球俱乐部", "fullName": "浙江广厦猛狮篮球俱乐部", "name": "浙江广厦控股"}, {"link": "https://zh.wikipedia.org/wiki/北京鸭首钢篮球俱乐部", "fullName": "北京鸭首钢篮球俱乐部", "name": "北京首钢"}, {"link": "https://zh.wikipedia.org/wiki/浙江稠州金牛篮球俱乐部", "fullName": "浙江稠州金牛篮球俱乐部", "name": "浙江稠州银行"}, {"link": "https://zh.wikipedia.org/wiki/东莞新世纪猎豹篮球俱乐部", "fullName": "东莞新世纪猎豹篮球俱乐部", "name": "深圳马可波罗"}, {"link": "https://zh.wikipedia.org/wiki/山西汾酒猛龙篮球俱乐部", "fullName": "山西汾酒猛龙篮球俱乐部", "name": "山西汾酒股份"}, {"link": "https://zh.wikipedia.org/wiki/江苏龙肯帝亚篮球俱乐部", "fullName": "江苏龙肯帝亚篮球俱乐部", "name": "江苏肯帝亚"}, {"link": "https://zh.wikipedia.org/wiki/上海东方大鲨鱼篮球俱乐部", "fullName": "上海东方大鲨鱼篮球俱乐部", "name": "上海玛吉斯"}, {"link": "https://zh.wikipedia.org/wiki/福建鲟浔兴篮球俱乐部", "fullName": "福建鲟浔兴篮球俱乐部", "name": "福建泉州银行"}, {"link": "https://zh.wikipedia.org/wiki/青岛双星雄鹰篮球俱乐部", "fullName": "青岛双星雄鹰篮球俱乐部", "name": "青岛双星"}, {"link": "https://zh.wikipedia.org/wiki/北京控股翱龙篮球俱乐部", "fullName": "北京控股翱龙篮球俱乐部", "name": "北京北控水务"}, {"link": "https://zh.wikipedia.org/wiki/江苏同曦大圣篮球俱乐部", "fullName": "江苏同曦大圣篮球俱乐部", "name": "江苏同曦"}, {"link": "https://zh.wikipedia.org/wiki/吉林九台农商行东北虎篮球俱乐部", "fullName": "吉林九台农商行东北虎篮球俱乐部", "name": "九台农商银行"}, {"link": "https://zh.wikipedia.org/wiki/天津荣钢金狮篮球俱乐部", "fullName": "天津荣钢金狮篮球俱乐部", "name": "天津融宝支付"}, {"link": "https://zh.wikipedia.org/wiki/八一富邦火箭篮球俱乐部", "fullName": "八一富邦火箭篮球俱乐部", "name": "八一双鹿电池"}, {"link": "https://zh.wikipedia.org/wiki/佛山龙狮篮球俱乐部", "fullName": "佛山龙狮篮球俱乐部", "name": "佛山农商银行"}], "Inforbox": [{" 聯盟 ": " \n CBA  "}, {" 體育項目 ": " \n 篮球  "}, {" 進行日期 ": " \n2015年10月31日—2016年3月20日 "}, {" 隊伍數 ": " \n20 "}, {" 電視直播 ": " \n CCTV5 、 CCTV5+ 、各地方电视台 "}, {" 赛季冠军 ": " \n 辽宁药都本溪  "}, {" 賽季MVP ": " \n 易建联 、 迈克尔·比斯利  "}, {" 决赛冠军 ": " \n 四川金强  "}, {"    第二名  ": " \n  辽宁药都本溪   "}, {" 决赛MVP ": " \n 哈米德·哈达迪  "}], "brief": "2015-16年中国男子篮球职业联赛是中国男子篮球职业联赛的第21个赛季。\n\n"}
{"name": "2016-17年中国男子篮球职业联赛", "link": "https://zh.wikipedia.org/wiki/2016-17年中国男子篮球职业联赛", "attendteams": [{"link": "https://zh.wikipedia.org/wiki/四川金强蓝鲸篮球俱乐部", "fullName": "四川金强蓝鲸篮球俱乐部", "name": "四川金强蓝鲸篮球俱乐部"}, {"link": "https://zh.wikipedia.org/wiki/辽宁衡润飞豹篮球俱乐部", "fullName": "辽宁衡润飞豹篮球俱乐部", "name": "辽宁衡润飞豹篮球俱乐部"}, {"link": "https://zh.wikipedia.org/wiki/新疆广汇飞虎篮球俱乐部", "fullName": "新疆广汇飞虎篮球俱乐部", "name": "新疆广汇飞虎篮球俱乐部"}, {"link": "https://zh.wikipedia.org/wiki/广东宏远华南虎篮球俱乐部", "fullName": "广东宏远华南虎篮球俱乐部", "name": "广东宏远华南虎篮球俱乐部"}, {"link": "https://zh.wikipedia.org/wiki/山东高速金星篮球俱乐部", "fullName": "山东高速金星篮球俱乐部", "name": "山东高速金星篮球俱乐部"}, {"link": "https://zh.wikipedia.org/wiki/浙江广厦猛狮篮球俱乐部", "fullName": "浙江广厦猛狮篮球俱乐部", "name": "浙江广厦猛狮篮球俱乐部"}, {"link": "https://zh.wikipedia.org/wiki/北京鸭首钢篮球俱乐部", "fullName": "北京鸭首钢篮球俱乐部", "name": "北京鸭首钢篮球俱乐部"}, {"link": "https://zh.wikipedia.org/wiki/浙江稠州金牛篮球俱乐部", "fullName": "浙江稠州金牛篮球俱乐部", "name": "浙江稠州金牛篮球俱乐部"}, {"link": "https://zh.wikipedia.org/wiki/东莞新世纪烈豹篮球俱乐部", "fullName": "东莞新世纪烈豹篮球俱乐部", "name": "东莞新世纪烈豹篮球俱乐部"}, {"link": "https://zh.wikipedia.org/wiki/山西汾酒猛龙篮球俱乐部", "fullName": "山西汾酒猛龙篮球俱乐部", "name": "山西汾酒猛龙篮球俱乐部"}, {"link": "https://zh.wikipedia.org/wiki/江苏龙肯帝亚篮球俱乐部", "fullName": "江苏龙肯帝亚篮球俱乐部", "name": "江苏龙肯帝亚篮球俱乐部"}, {"link": "https://zh.wikipedia.org/wiki/上海东方大鲨鱼篮球俱乐部", "fullName": "上海东方大鲨鱼篮球俱乐部", "name": "上海东方大鲨鱼篮球俱乐部"}, {"link": "https://zh.wikipedia.org/wiki/福建鲟浔兴篮球俱乐部", "fullName": "福建鲟浔兴篮球俱乐部", "name": "福建鲟浔兴篮球俱乐部"}, {"link": "https://zh.wikipedia.org/wiki/青岛双星雄鹰篮球俱乐部", "fullName": "青岛双星雄鹰篮球俱乐部", "name": "青岛双星雄鹰篮球俱乐部"}, {"link": "https://zh.wikipedia.org/wiki/北京控股翱龙篮球俱乐部", "fullName": "北京控股翱龙篮球俱乐部", "name": "北京控股翱龙篮球俱乐部"}, {"link": "https://zh.wikipedia.org/wiki/江苏同曦大圣篮球俱乐部", "fullName": "江苏同曦大圣篮球俱乐部", "name": "江苏同曦大圣篮球俱乐部"}, {"link": "https://zh.wikipedia.org/wiki/吉林九台农商银行东北虎篮球俱乐部", "fullName": "吉林九台农商银行东北虎篮球俱乐部", "name": "吉林九台农商银行东北虎篮球俱乐部"}, {"link": "https://zh.wikipedia.org/wiki/天津荣钢金狮篮球俱乐部", "fullName": "天津荣钢金狮篮球俱乐部", "name": "天津荣钢金狮篮球俱乐部"}, {"link": "https://zh.wikipedia.org/wiki/八一富邦火箭篮球俱乐部", "fullName": "八一富邦火箭篮球俱乐部", "name": "八一富邦火箭篮球俱乐部"}, {"link": "https://zh.wikipedia.org/wiki/龙狮篮球俱乐部", "fullName": "龙狮篮球俱乐部", "name": "龙狮篮球俱乐部"}], "Inforbox": [{" 聯盟 ": " \n CBA  "}, {" 體育項目 ": " \n 篮球  "}, {" 進行日期 ": " \n2016年10月29日—2017年4月7日 "}, {" 隊伍數 ": " \n20 "}, {" 電視直播 ": " \n CCTV5 、 CCTV5+ 、各地方电视台 "}, {" 赛季冠军 ": " \n 新疆喀什古城  "}, {" 賽季MVP ": " \n 丁彦雨航 、 吉默·弗雷戴特  "}, {" 冠军 ": " \n 新疆喀什古城  "}, {" 决赛MVP ": " \n 达柳斯·亚当斯  "}], "brief": "2016-17年中国男子篮球职业联赛是中国男子篮球职业联赛的第22个赛季。最终新疆喀什古城队以4:0战胜广东东莞银行队夺得2016-17年中国男子篮球职业联赛总冠军，这是新疆队首次CBA夺冠，成为CBA历史上第六支总冠军球队。[1]\n\n"}
{"name": "2017-18年中国男子篮球职业联赛", "link": "https://zh.wikipedia.org/wiki/2017-18年中国男子篮球职业联赛", "attendteams": [{"link": "https://zh.wikipedia.org/wiki/浙江广厦猛狮篮球俱乐部", "fullName": "浙江广厦猛狮篮球俱乐部", "name": "浙江广厦控股"}, {"link": "https://zh.wikipedia.org/wiki/辽宁衡润飞豹篮球俱乐部", "fullName": "辽宁衡润飞豹篮球俱乐部", "name": "辽宁本钢"}, {"link": "https://zh.wikipedia.org/wiki/广东宏远篮球俱乐部", "fullName": "广东宏远篮球俱乐部", "name": "广东东莞银行"}, {"link": "https://zh.wikipedia.org/wiki/山东高速金星篮球俱乐部", "fullName": "山东高速金星篮球俱乐部", "name": "山东高速"}, {"link": "https://zh.wikipedia.org/wiki/江苏龙肯帝亚篮球俱乐部", "fullName": "江苏龙肯帝亚篮球俱乐部", "name": "江苏肯帝亚"}, {"link": "https://zh.wikipedia.org/wiki/新疆广汇飞虎篮球俱乐部", "fullName": "新疆广汇飞虎篮球俱乐部", "name": "新疆喀什古城"}, {"link": "https://zh.wikipedia.org/wiki/北京鸭首钢篮球俱乐部", "fullName": "北京鸭首钢篮球俱乐部", "name": "北京首钢"}, {"link": "https://zh.wikipedia.org/wiki/深圳新世纪篮球俱乐部", "fullName": "深圳新世纪篮球俱乐部", "name": "深圳马可波罗"}, {"link": "https://zh.wikipedia.org/wiki/龙狮篮球俱乐部", "fullName": "龙狮篮球俱乐部", "name": "广州证券"}, {"link": "https://zh.wikipedia.org/wiki/上海东方大鲨鱼篮球俱乐部", "fullName": "上海东方大鲨鱼篮球俱乐部", "name": "上海哔哩哔哩"}, {"link": "https://zh.wikipedia.org/wiki/浙江稠州金牛篮球俱乐部", "fullName": "浙江稠州金牛篮球俱乐部", "name": "浙江稠州银行"}, {"link": "https://zh.wikipedia.org/wiki/北京控股翱龙篮球俱乐部", "fullName": "北京控股翱龙篮球俱乐部", "name": "北京农商银行"}, {"link": "https://zh.wikipedia.org/wiki/福建鲟浔兴篮球俱乐部", "fullName": "福建鲟浔兴篮球俱乐部", "name": "福建泉州银行"}, {"link": "https://zh.wikipedia.org/wiki/山西汾酒猛龙篮球俱乐部", "fullName": "山西汾酒猛龙篮球俱乐部", "name": "山西汾酒股份"}, {"link": "https://zh.wikipedia.org/wiki/江苏同曦大圣篮球俱乐部", "fullName": "江苏同曦大圣篮球俱乐部", "name": "南京同曦"}, {"link": "https://zh.wikipedia.org/wiki/青岛国信双星雄鹰篮球俱乐部", "fullName": "青岛国信双星雄鹰篮球俱乐部", "name": "青岛国信双星"}, {"link": "https://zh.wikipedia.org/wiki/吉林九台农商银行东北虎篮球俱乐部", "fullName": "吉林九台农商银行东北虎篮球俱乐部", "name": "吉林九台农商银行"}, {"link": "https://zh.wikipedia.org/wiki/天津荣钢金狮篮球俱乐部", "fullName": "天津荣钢金狮篮球俱乐部", "name": "天津泰笛生活"}, {"link": "https://zh.wikipedia.org/wiki/四川金强蓝鲸篮球俱乐部", "fullName": "四川金强蓝鲸篮球俱乐部", "name": "四川品胜"}, {"link": "https://zh.wikipedia.org/wiki/八一富邦火箭篮球俱乐部", "fullName": "八一富邦火箭篮球俱乐部", "name": "八一双鹿电池"}], "Inforbox": [{" 聯盟 ": " \n CBA  "}, {" 體育項目 ": " \n 篮球  "}, {" 隊伍數 ": " \n20 "}, {" 電視直播 ": " \n CCTV5 、 CCTV5+ 、各地方电视台 "}, {" Top draft pick ": " \n 陳盈駿  "}, {" Picked by ": " \n 廣州龍獅  "}, {" 赛季冠军 ": " \n 浙江广厦  "}, {" 賽季MVP ": " \n      考特尼·福特森  "}, {" 最高得分 ": " \n 达柳斯·亚当斯  "}, {" 冠军 ": " \n 辽宁衡润飞豹篮球俱乐部  "}, {"    第二名  ": " \n  浙江广厦   "}, {" 决赛MVP ": " \n      莱斯特·哈德森  "}], "brief": "2017-18年中国男子篮球职业联赛是中国男子篮球职业联赛的第23个赛季。队伍数量为20支，常规赛阶段赛制为主客场双循环，轮次为38轮，比赛强度为2周5赛，比赛日为周二至周日。联赛开始日期为2017年10月21日；2018年5月1日结束。外援政策方面，2人4节6人次：1-20名球队第四节全部1人次（不含亚外），亚洲外援使用球队为上赛季17-20名队伍。[1]\n\n"}
{"name": "2018-19年中国男子篮球职业联赛", "link": "https://zh.wikipedia.org/wiki/2018-19年中国男子篮球职业联赛", "attendteams": [{"link": "https://zh.wikipedia.org/wiki/辽宁衡润飞豹篮球俱乐部", "fullName": "辽宁衡润飞豹篮球俱乐部", "name": "辽宁衡润飞豹篮球俱乐部"}, {"link": "https://zh.wikipedia.org/wiki/浙江广厦猛狮篮球俱乐部", "fullName": "浙江广厦猛狮篮球俱乐部", "name": "浙江广厦猛狮篮球俱乐部"}, {"link": "https://zh.wikipedia.org/wiki/广东宏远华南虎篮球俱乐部", "fullName": "广东宏远华南虎篮球俱乐部", "name": "广东宏远华南虎篮球俱乐部"}, {"link": "https://zh.wikipedia.org/wiki/山东西王金星篮球俱乐部", "fullName": "山东西王金星篮球俱乐部", "name": "山东西王金星篮球俱乐部"}, {"link": "https://zh.wikipedia.org/wiki/江苏龙肯帝亚篮球俱乐部", "fullName": "江苏龙肯帝亚篮球俱乐部", "name": "江苏龙肯帝亚篮球俱乐部"}, {"link": "https://zh.wikipedia.org/wiki/新疆广汇飞虎篮球俱乐部", "fullName": "新疆广汇飞虎篮球俱乐部", "name": "新疆广汇飞虎篮球俱乐部"}, {"link": "https://zh.wikipedia.org/wiki/北京鸭首钢篮球俱乐部", "fullName": "北京鸭首钢篮球俱乐部", "name": "北京鸭首钢篮球俱乐部"}, {"link": "https://zh.wikipedia.org/wiki/东莞新世纪烈豹篮球俱乐部", "fullName": "东莞新世纪烈豹篮球俱乐部", "name": "东莞新世纪烈豹篮球俱乐部"}, {"link": "https://zh.wikipedia.org/wiki/龙狮篮球俱乐部", "fullName": "龙狮篮球俱乐部", "name": "龙狮篮球俱乐部"}, {"link": "https://zh.wikipedia.org/wiki/上海东方大鲨鱼篮球俱乐部", "fullName": "上海东方大鲨鱼篮球俱乐部", "name": "上海东方大鲨鱼篮球俱乐部"}, {"link": "https://zh.wikipedia.org/wiki/浙江稠州金牛篮球俱乐部", "fullName": "浙江稠州金牛篮球俱乐部", "name": "浙江稠州金牛篮球俱乐部"}, {"link": "https://zh.wikipedia.org/wiki/北京控股翱龙篮球俱乐部", "fullName": "北京控股翱龙篮球俱乐部", "name": "北京控股翱龙篮球俱乐部"}, {"link": "https://zh.wikipedia.org/wiki/福建鲟浔兴篮球俱乐部", "fullName": "福建鲟浔兴篮球俱乐部", "name": "福建鲟浔兴篮球俱乐部"}, {"link": "https://zh.wikipedia.org/wiki/山西国投猛龙篮球俱乐部", "fullName": "山西国投猛龙篮球俱乐部", "name": "山西国投猛龙篮球俱乐部"}, {"link": "https://zh.wikipedia.org/wiki/南京同曦大圣篮球俱乐部", "fullName": "南京同曦大圣篮球俱乐部", "name": "南京同曦大圣篮球俱乐部"}, {"link": "https://zh.wikipedia.org/wiki/青岛国信双星雄鹰篮球俱乐部", "fullName": "青岛国信双星雄鹰篮球俱乐部", "name": "青岛国信双星雄鹰篮球俱乐部"}, {"link": "https://zh.wikipedia.org/wiki/吉林东北虎篮球俱乐部", "fullName": "吉林东北虎篮球俱乐部", "name": "吉林东北虎篮球俱乐部"}, {"link": "https://zh.wikipedia.org/wiki/天津荣钢金狮篮球俱乐部", "fullName": "天津荣钢金狮篮球俱乐部", "name": "天津荣钢金狮篮球俱乐部"}, {"link": "https://zh.wikipedia.org/wiki/四川金强蓝鲸篮球俱乐部", "fullName": "四川金强蓝鲸篮球俱乐部", "name": "四川金强蓝鲸篮球俱乐部"}, {"link": "https://zh.wikipedia.org/wiki/八一南昌篮球俱乐部", "fullName": "八一南昌篮球俱乐部", "name": "八一南昌篮球俱乐部"}], "Inforbox": [{" 聯盟 ": " \n CBA  "}, {" 體育項目 ": " \n 篮球  "}, {" 隊伍數 ": " \n20 "}, {" 電視直播 ": " \n CCTV5 、 CCTV5+ 、各地方电视台 "}], "brief": "2018-19年中国男子篮球职业联赛是中国男子篮球职业联赛（CBA）的第24个赛季，参赛队伍数量为20支。本赛季常规赛根据上赛季最终排名分为四个组，同组的球队将进行4循环制的比赛，而不同组的球队，将进行双循环制的比赛。比赛轮次为46轮，比赛强度为1周3赛，比赛日为周二至周日。本赛季将有12支球队进入季后赛，常规赛排名1-4的球队直接晋级第二轮外，排名5-12的球队将进行淘汰赛。[1]\n\n\n\n"}
{"name": "中国男子篮球职业联赛", "link": "https://zh.wikipedia.org/wiki/中国男子篮球职业联赛", "Inforbox": [{"Img": "src=\"//upload.wikimedia.org/wikipedia/zh/thumb/e/e5/Chinese_Basketball_Association_2016.png/200px-Chinese_Basketball_Association_2016.png\""}, {" 运动 ": " \n 篮球  "}, {" 創立 ": " \n1995年 "}, {" 隊伍數 ": " \n 20  "}, {" 國家 ": " \n     中国  "}, {" 应届冠軍 ": " \n 辽宁飞豹 （1次） "}, {" 奪冠最多 ": " \n 广东华南虎 （8次）  八一火箭 （8次） "}], "brief": "中国男子篮球职业联赛是由中国篮球协会所主办的跨年度主客场制篮球联赛，联赛为中国最高等级的篮球比赛，英文是Chinese Basketball Association（中国篮球协会），縮寫為CBA，中文媒体上也多用CBA来称呼这些联赛。联赛在1995/96赛季由555香烟取得联赛的冠名权，1996/97赛季到2000/01赛季为希尔顿中国男子篮球甲级联赛，之后摩托罗拉和联通新时空分别取得过联赛的冠名权，联赛在2005年正式更名为现在的中国男子篮球职业联赛。\n\n联赛自每年的10月或11月开始至次年的4月左右结束，长度和美国的NBA相仿，2001年曾吸收了台湾的新浪狮队，2002年香港的香港飞龙队也曾参加联赛，目前联赛的球队数目为20支。联赛2005年从中国篮球甲级联赛正式更名为现在的中国男子篮球职业联赛，联赛的规模、管理、运作和受关注程度都堪称是中国最好最规范的职业联赛，同时也是亚洲地区水平最高的篮球联赛。\n\n2005/06赛季前，中国篮球管理中心引入采用准入制度，给各俱乐部出具了篮球职业联赛准入资格要求，也就是所谓的29条军规。内容涉及俱乐部制度、机构设置、比赛场馆设施、财务制度、参赛保证金、球队建设等12个方面。准入制最核心部分就是俱乐部必须提供2000万元人民币注册资金及700万元人民币参赛保证金，而700万元保证金可以由200万元现金和500万元的固定资产组成。\n\n"}
