{"_id":{"$oid":"5c46b65c45db695a2f226dd2"},"name":"2005-06中国男子篮球职业联赛","link":"https://zh.wikipedia.org/wiki/2005-06%E5%B9%B4%E4%B8%AD%E5%9B%BD%E7%94%B7%E5%AD%90%E7%AF%AE%E7%90%83%E8%81%8C%E4%B8%9A%E8%81%94%E8%B5%9B","attendteams":[{"link":"https://zh.wikipedia.org/wiki/%E5%8C%97%E4%BA%AC%E9%B8%AD%E7%AF%AE%E7%90%83%E4%BF%B1%E4%B9%90%E9%83%A8","fullName":"北京鸭篮球俱乐部","name":"北京鸭"},{"link":"https://zh.wikipedia.org/wiki/%E6%96%B0%E7%96%86%E9%A3%9E%E8%99%8E%E7%AF%AE%E7%90%83%E4%BF%B1%E4%B9%90%E9%83%A8","fullName":"新疆飞虎篮球俱乐部","name":"新疆飞虎"},{"link":"https://zh.wikipedia.org/wiki/%E8%BE%BD%E5%AE%81%E7%9B%BC%E7%9B%BC%E7%AF%AE%E7%90%83%E4%BF%B1%E4%B9%90%E9%83%A8","fullName":"辽宁盼盼篮球俱乐部","name":"辽宁猎人"},{"link":"https://zh.wikipedia.org/wiki/%E5%90%89%E6%9E%97%E4%B8%9C%E5%8C%97%E8%99%8E%E7%AF%AE%E7%90%83%E4%BF%B1%E4%B9%90%E9%83%A8","fullName":"吉林东北虎篮球俱乐部","name":"吉林东北虎"},{"link":"https://zh.wikipedia.org/wiki/%E5%B1%B1%E4%B8%9C%E7%8B%AE%E7%AF%AE%E7%90%83%E4%BF%B1%E4%B9%90%E9%83%A8","fullName":"山东狮篮球俱乐部","name":"山东金狮"},{"link":"https://zh.wikipedia.org/wiki/%E9%99%95%E8%A5%BF%E9%BA%92%E9%BA%9F%E7%AF%AE%E7%90%83%E4%BF%B1%E4%B9%90%E9%83%A8","fullName":"陕西麒麟篮球俱乐部","name":"陕西麒麟"},{"link":"https://zh.wikipedia.org/wiki/%E6%B2%B3%E5%8D%97%E7%8C%9B%E9%BE%99%E7%AF%AE%E7%90%83%E4%BF%B1%E4%B9%90%E9%83%A8","fullName":"河南猛龙篮球俱乐部","name":"河南猛龙"},{"link":"https://zh.wikipedia.org/wiki/%E5%B9%BF%E4%B8%9C%E5%8D%8E%E5%8D%97%E8%99%8E%E7%AF%AE%E7%90%83%E4%BF%B1%E4%B9%90%E9%83%A8","fullName":"广东华南虎篮球俱乐部","name":"广东华南虎"},{"link":"https://zh.wikipedia.org/wiki/%E5%85%AB%E4%B8%80%E7%81%AB%E7%AE%AD%E7%AF%AE%E7%90%83%E4%BF%B1%E4%B9%90%E9%83%A8","fullName":"八一火箭篮球俱乐部","name":"八一火箭"},{"link":"https://zh.wikipedia.org/wiki/%E6%B1%9F%E8%8B%8F%E9%BE%99%E7%AF%AE%E7%90%83%E4%BF%B1%E4%B9%90%E9%83%A8","fullName":"江苏龙篮球俱乐部","name":"江苏龙"},{"link":"https://zh.wikipedia.org/wiki/%E4%BA%91%E5%8D%97%E5%A5%94%E7%89%9B%E7%AF%AE%E7%90%83%E4%BF%B1%E4%B9%90%E9%83%A8","fullName":"云南奔牛篮球俱乐部","name":"云南奔牛"},{"link":"https://zh.wikipedia.org/wiki/%E4%B8%8A%E6%B5%B7%E5%A4%A7%E9%B2%A8%E9%B1%BC%E7%AF%AE%E7%90%83%E4%BF%B1%E4%B9%90%E9%83%A8","fullName":"上海大鲨鱼篮球俱乐部","name":"上海大鲨鱼"},{"link":"https://zh.wikipedia.org/wiki/%E7%A6%8F%E5%BB%BA%E9%B2%9F%E7%AF%AE%E7%90%83%E4%BF%B1%E4%B9%90%E9%83%A8","fullName":"福建鲟篮球俱乐部","name":"福建鲟"},{"link":"https://zh.wikipedia.org/wiki/%E6%B5%99%E6%B1%9F%E4%B8%87%E9%A9%AC%E7%AF%AE%E7%90%83%E4%BF%B1%E4%B9%90%E9%83%A8","fullName":"浙江万马篮球俱乐部","name":"浙江万马"},{"link":"https://zh.wikipedia.org/wiki/%E4%B8%9C%E8%8E%9E%E7%83%88%E8%B1%B9%E7%AF%AE%E7%90%83%E4%BF%B1%E4%B9%90%E9%83%A8","fullName":"东莞烈豹篮球俱乐部","name":"东莞烈豹"}],"Inforbox":[{" 聯盟 ":" \n CBA  "},{" 體育項目 ":" \n 篮球  "},{" 進行日期 ":" \n2005年11月20日至2006年4月19日 "},{" 隊伍數 ":" \n15 "},{" 電視直播 ":" \n CCTV  "},{" 聯盟冠軍 ":" \n 广东宏远  "},{" 第二名 ":" \n 八一双鹿  "},{" 聯盟冠軍 ":" \n 北京首钢  "},{"    第二名  ":" \n  新疆广汇   "},{" 冠军 ":" \n 广东宏远  "},{"    第二名  ":" \n  八一双鹿   "},{" 决赛MVP ":" \n 易建联  "}],"brief":"\n常规赛成绩\n北区\n\n南区\n\n八分之一决赛是跨区的比赛。每区的第一名和另外一个区的第四名，第二名和另外一个区的第三名争夺半决赛权，比赛是5局3胜制的\n\n高排名的球队拥有第一场比赛的主场优势和第四第五场比赛（如果需要）；低排名的球队有第二第三场比赛的主场。\n\n\n\n半决赛采取5局3胜制  \n\n高排名的球队拥有第一场比赛的主场优势和第四第五场比赛（如果需要）；低排名的球队有第二第三场比赛的主场。\n\n\n\n联赛首次采取7局4胜制，高排名的球队拥有第一，第二场比赛的主场优势，接下来连续两个客场，然后接着第五场为主场（如果需要，第六场为客场（如果需要，第七场和最后一场都是主场（如果需要）。\n\n\n\n\n"}
{"_id":{"$oid":"5c46b65c45db695a2f226dd3"},"name":"2006-07中国男子篮球职业联赛","link":"https://zh.wikipedia.org/wiki/2006-07%E5%B9%B4%E4%B8%AD%E5%9B%BD%E7%94%B7%E5%AD%90%E7%AF%AE%E7%90%83%E8%81%8C%E4%B8%9A%E8%81%94%E8%B5%9B","attendteams":[{"link":"https://zh.wikipedia.org/wiki/%E5%B9%BF%E4%B8%9C%E5%8D%8E%E5%8D%97%E8%99%8E%E7%AF%AE%E7%90%83%E4%BF%B1%E4%B9%90%E9%83%A8","fullName":"广东华南虎篮球俱乐部","name":"广东华南虎"},{"link":"https://zh.wikipedia.org/wiki/%E5%85%AB%E4%B8%80%E7%81%AB%E7%AE%AD%E7%AF%AE%E7%90%83%E4%BF%B1%E4%B9%90%E9%83%A8","fullName":"八一火箭篮球俱乐部","name":"八一火箭"},{"link":"https://zh.wikipedia.org/wiki/%E6%B1%9F%E8%8B%8F%E9%BE%99%E7%AF%AE%E7%90%83%E4%BF%B1%E4%B9%90%E9%83%A8","fullName":"江苏龙篮球俱乐部","name":"江苏龙"},{"link":"https://zh.wikipedia.org/w/index.php?title=%E8%BE%BD%E5%AE%81%E7%8C%8E%E4%BA%BA%E7%AF%AE%E7%90%83%E4%BF%B1%E4%B9%90%E9%83%A8\u0026action=edit\u0026redlink=1","fullName":"辽宁猎人篮球俱乐部（页面不存在）","name":"辽宁猎人"},{"link":"https://zh.wikipedia.org/wiki/%E7%A6%8F%E5%BB%BA%E9%B2%9F%E7%AF%AE%E7%90%83%E4%BF%B1%E4%B9%90%E9%83%A8","fullName":"福建鲟篮球俱乐部","name":"福建鲟"},{"link":"https://zh.wikipedia.org/wiki/%E5%B1%B1%E4%B8%9C%E7%8B%AE%E7%AF%AE%E7%90%83%E4%BF%B1%E4%B9%90%E9%83%A8","fullName":"山东狮篮球俱乐部","name":"山东金狮"},{"link":"https://zh.wikipedia.org/wiki/%E6%B5%99%E6%B1%9F%E4%B8%87%E9%A9%AC%E7%AF%AE%E7%90%83%E4%BF%B1%E4%B9%90%E9%83%A8","fullName":"浙江万马篮球俱乐部","name":"浙江万马"},{"link":"https://zh.wikipedia.org/wiki/%E4%B8%8A%E6%B5%B7%E5%A4%A7%E9%B2%A8%E9%B1%BC%E7%AF%AE%E7%90%83%E4%BF%B1%E4%B9%90%E9%83%A8","fullName":"上海大鲨鱼篮球俱乐部","name":"上海大鲨鱼"},{"link":"https://zh.wikipedia.org/wiki/%E6%96%B0%E7%96%86%E9%A3%9E%E8%99%8E%E7%AF%AE%E7%90%83%E4%BF%B1%E4%B9%90%E9%83%A8","fullName":"新疆飞虎篮球俱乐部","name":"新疆飞虎"},{"link":"https://zh.wikipedia.org/wiki/%E5%8C%97%E4%BA%AC%E9%B8%AD%E7%AF%AE%E7%90%83%E4%BF%B1%E4%B9%90%E9%83%A8","fullName":"北京鸭篮球俱乐部","name":"北京鸭"},{"link":"https://zh.wikipedia.org/wiki/%E5%90%89%E6%9E%97%E4%B8%9C%E5%8C%97%E8%99%8E%E7%AF%AE%E7%90%83%E4%BF%B1%E4%B9%90%E9%83%A8","fullName":"吉林东北虎篮球俱乐部","name":"吉林东北虎"},{"link":"https://zh.wikipedia.org/wiki/%E4%B8%9C%E8%8E%9E%E7%83%88%E8%B1%B9%E7%AF%AE%E7%90%83%E4%BF%B1%E4%B9%90%E9%83%A8","fullName":"东莞烈豹篮球俱乐部","name":"东莞烈豹"},{"link":"https://zh.wikipedia.org/wiki/%E9%99%95%E8%A5%BF%E9%BA%92%E9%BA%9F%E7%AF%AE%E7%90%83%E4%BF%B1%E4%B9%90%E9%83%A8","fullName":"陕西麒麟篮球俱乐部","name":"陕西麒麟"},{"link":"https://zh.wikipedia.org/wiki/%E6%B5%99%E6%B1%9F%E7%8C%9B%E7%8B%AE%E7%AF%AE%E7%90%83%E4%BF%B1%E4%B9%90%E9%83%A8","fullName":"浙江猛狮篮球俱乐部","name":"浙江猛狮"},{"link":"https://zh.wikipedia.org/wiki/%E5%B1%B1%E8%A5%BF%E7%8C%9B%E9%BE%99%E7%AF%AE%E7%90%83%E4%BF%B1%E4%B9%90%E9%83%A8","fullName":"山西猛龙篮球俱乐部","name":"山西猛龙"},{"link":"https://zh.wikipedia.org/wiki/%E4%BA%91%E5%8D%97%E5%A5%94%E7%89%9B%E7%AF%AE%E7%90%83%E4%BF%B1%E4%B9%90%E9%83%A8","fullName":"云南奔牛篮球俱乐部","name":"云南奔牛"}],"Inforbox":[{" 聯盟 ":" \n CBA  "},{" 體育項目 ":" \n 篮球  "},{" 進行日期 ":" \n2006年10月7日—2007年3月28日 "},{" 隊伍數 ":" \n16 "},{" 電視直播 ":" \n CCTV 、各地方电视台 "},{" 赛季冠军 ":" \n 广东宏远  "},{" 賽季MVP ":" \n 唐正东  "},{" 冠军 ":" \n 八一双鹿  "},{"    第二名  ":" \n  广东宏远   "},{" 决赛MVP ":" \n 王治郅  "}],"brief":"\n2006-07年中国男子篮球职业联赛共有16支球队参加，其中常规赛排名前8的球队晋级季后赛。在常规赛季中广东华南虎、八一火箭、江苏龙、辽宁猎人、山东金狮、浙江万马、福建鲟、上海大鲨鱼8支球队分列常规赛1-8位，进入了季后赛。其中上海大鲨鱼是在姚明离队之后首次打入CBA季后赛。\n\n最后上一年度的两支总决赛球队广东华南虎和八一火箭再次会师该赛季总决赛，最终以王治郅为核心的八一队总比分4-1击败了此前已经三连冠的卫冕冠军广东华南虎，历史上第8次捧起了CBA总冠军奖杯，而准备前往NBA的广东队主将易建联未能给自己在CBA联赛中完美谢幕。\n\n八分之一决赛，常规赛第一名和第八名，第二名和第七名，第三名和第六名，第四名和第五名争夺半决赛权，比赛是5局3胜制的\n\n高排名的球队拥有第一场比赛的主场优势和第四第五场比赛（如果需要）；低排名的球队有第二第三场比赛的主场。\n\n\n\n半决赛采取5局3胜制  \n\n高排名的球队拥有第一场比赛的主场优势和第四第五场比赛（如果需要）；低排名的球队有第二第三场比赛的主场。\n\n联赛首次采取7局4胜制，高排名的球队拥有第一，第二场比赛的主场优势，接下来连续两个客场，然后接着第五场为主场（如果需要，第六场为客场（如果需要，第七场和最后一场都是主场（如果需要）。\n\n\n\n\n\n\n"}
{"_id":{"$oid":"5c46b65c45db695a2f226dd4"},"name":"2007-08中国男子篮球职业联赛","link":"https://zh.wikipedia.org/wiki/2007-08%E5%B9%B4%E4%B8%AD%E5%9B%BD%E7%94%B7%E5%AD%90%E7%AF%AE%E7%90%83%E8%81%8C%E4%B8%9A%E8%81%94%E8%B5%9B","attendteams":[{"link":"https://zh.wikipedia.org/wiki/%E5%B9%BF%E4%B8%9C%E5%8D%8E%E5%8D%97%E8%99%8E%E7%AF%AE%E7%90%83%E4%BF%B1%E4%B9%90%E9%83%A8","fullName":"广东华南虎篮球俱乐部","name":"广东宏远"},{"link":"https://zh.wikipedia.org/wiki/%E6%B1%9F%E8%8B%8F%E9%BE%99%E7%AF%AE%E7%90%83%E4%BF%B1%E4%B9%90%E9%83%A8","fullName":"江苏龙篮球俱乐部","name":"江苏大华"},{"link":"https://zh.wikipedia.org/wiki/%E5%B1%B1%E4%B8%9C%E7%8B%AE%E7%AF%AE%E7%90%83%E4%BF%B1%E4%B9%90%E9%83%A8","fullName":"山东狮篮球俱乐部","name":"山东黄金"},{"link":"https://zh.wikipedia.org/wiki/%E8%BE%BD%E5%AE%81%E7%9B%BC%E7%9B%BC%E7%AF%AE%E7%90%83%E4%BF%B1%E4%B9%90%E9%83%A8","fullName":"辽宁盼盼篮球俱乐部","name":"辽宁盼盼"},{"link":"https://zh.wikipedia.org/wiki/%E4%B8%9C%E8%8E%9E%E7%83%88%E8%B1%B9%E7%AF%AE%E7%90%83%E4%BF%B1%E4%B9%90%E9%83%A8","fullName":"东莞烈豹篮球俱乐部","name":"东莞马可波罗"},{"link":"https://zh.wikipedia.org/wiki/%E5%85%AB%E4%B8%80%E7%81%AB%E7%AE%AD%E7%AF%AE%E7%90%83%E4%BF%B1%E4%B9%90%E9%83%A8","fullName":"八一火箭篮球俱乐部","name":"八一双鹿电池"},{"link":"https://zh.wikipedia.org/wiki/%E7%A6%8F%E5%BB%BA%E9%B2%9F%E7%AF%AE%E7%90%83%E4%BF%B1%E4%B9%90%E9%83%A8","fullName":"福建鲟篮球俱乐部","name":"福建SBS"},{"link":"https://zh.wikipedia.org/wiki/%E6%B5%99%E6%B1%9F%E7%8C%9B%E7%8B%AE%E7%AF%AE%E7%90%83%E4%BF%B1%E4%B9%90%E9%83%A8","fullName":"浙江猛狮篮球俱乐部","name":"浙江广厦建设"},{"link":"https://zh.wikipedia.org/wiki/%E5%8C%97%E4%BA%AC%E9%B8%AD%E7%AF%AE%E7%90%83%E4%BF%B1%E4%B9%90%E9%83%A8","fullName":"北京鸭篮球俱乐部","name":"北京金隅"},{"link":"https://zh.wikipedia.org/wiki/%E6%B5%99%E6%B1%9F%E4%B8%87%E9%A9%AC%E7%AF%AE%E7%90%83%E4%BF%B1%E4%B9%90%E9%83%A8","fullName":"浙江万马篮球俱乐部","name":"浙江万马电缆"},{"link":"https://zh.wikipedia.org/wiki/%E6%96%B0%E7%96%86%E9%A3%9E%E8%99%8E%E7%AF%AE%E7%90%83%E4%BF%B1%E4%B9%90%E9%83%A8","fullName":"新疆飞虎篮球俱乐部","name":"新疆广汇"},{"link":"https://zh.wikipedia.org/wiki/%E4%BA%91%E5%8D%97%E5%A5%94%E7%89%9B%E7%AF%AE%E7%90%83%E4%BF%B1%E4%B9%90%E9%83%A8","fullName":"云南奔牛篮球俱乐部","name":"云南红河"},{"link":"https://zh.wikipedia.org/wiki/%E4%B8%8A%E6%B5%B7%E5%A4%A7%E9%B2%A8%E9%B1%BC%E7%AF%AE%E7%90%83%E4%BF%B1%E4%B9%90%E9%83%A8","fullName":"上海大鲨鱼篮球俱乐部","name":"上海西洋"},{"link":"https://zh.wikipedia.org/wiki/%E5%90%89%E6%9E%97%E4%B8%9C%E5%8C%97%E8%99%8E%E7%AF%AE%E7%90%83%E4%BF%B1%E4%B9%90%E9%83%A8","fullName":"吉林东北虎篮球俱乐部","name":"吉林迈尔通达"},{"link":"https://zh.wikipedia.org/wiki/%E9%99%95%E8%A5%BF%E9%BA%92%E9%BA%9F%E7%AF%AE%E7%90%83%E4%BF%B1%E4%B9%90%E9%83%A8","fullName":"陕西麒麟篮球俱乐部","name":"陕西蔚利信"},{"link":"https://zh.wikipedia.org/wiki/%E5%B1%B1%E8%A5%BF%E7%8C%9B%E9%BE%99%E7%AF%AE%E7%90%83%E4%BF%B1%E4%B9%90%E9%83%A8","fullName":"山西猛龙篮球俱乐部","name":"山西中宇"}],"Inforbox":[{" 聯盟 ":" \n CBA  "},{" 體育項目 ":" \n 篮球  "},{" 進行日期 ":" \n2007年10月27日—2008年2月22日 "},{" 隊伍數 ":" \n16 "},{" 電視直播 ":" \n CCTV 、各地方电视台 "},{" 赛季冠军 ":" \n 广东宏远  "},{" 賽季MVP ":" \n 朱芳雨  "},{" 冠军 ":" \n 广东宏远  "},{"    第二名  ":" \n  辽宁盼盼   "},{" 决赛MVP ":" \n 朱芳雨  "}],"brief":"\n2007－08年中国男子篮球职业联赛是中国男子篮球职业联赛的第13个赛季，一共有16支球队参加。由于北京奥运的关系，篮协决定将联赛缩短。这个赛季的常规赛一共进行30轮，每支球队和其他15支球队各打一场主场和客场。常规赛前八名进入季后赛。虽然易建联前往NBA打球，但广东宏远仍然夺得总冠军，这也是宏远队史上第四次夺得CBA总冠军。\n\n常规赛最终排名\n\n† 由于官秀昌事件，新疆常规赛15场比赛被判为0比20负，并取消季后赛资格。\n\n\n"}
{"_id":{"$oid":"5c46b65c45db695a2f226dd5"},"name":"2010-11中国男子篮球职业联赛","link":"https://zh.wikipedia.org/wiki/2010-11%E5%B9%B4%E4%B8%AD%E5%9B%BD%E7%94%B7%E5%AD%90%E7%AF%AE%E7%90%83%E8%81%8C%E4%B8%9A%E8%81%94%E8%B5%9B","attendteams":[{"link":"https://zh.wikipedia.org/wiki/%E6%96%B0%E7%96%86%E9%A3%9E%E8%99%8E%E7%AF%AE%E7%90%83%E4%BF%B1%E4%B9%90%E9%83%A8","fullName":"新疆飞虎篮球俱乐部","name":"新疆广汇汽车"},{"link":"https://zh.wikipedia.org/wiki/%E5%B9%BF%E4%B8%9C%E5%8D%8E%E5%8D%97%E8%99%8E%E7%AF%AE%E7%90%83%E4%BF%B1%E4%B9%90%E9%83%A8","fullName":"广东华南虎篮球俱乐部","name":"广东东莞银行"},{"link":"https://zh.wikipedia.org/wiki/%E4%B8%9C%E8%8E%9E%E7%83%88%E8%B1%B9%E7%AF%AE%E7%90%83%E4%BF%B1%E4%B9%90%E9%83%A8","fullName":"东莞烈豹篮球俱乐部","name":"东莞马可波罗"},{"link":"https://zh.wikipedia.org/wiki/%E6%B1%9F%E8%8B%8F%E9%BE%99%E7%AF%AE%E7%90%83%E4%BF%B1%E4%B9%90%E9%83%A8","fullName":"江苏龙篮球俱乐部","name":"江苏国信地产"},{"link":"https://zh.wikipedia.org/wiki/%E6%B5%99%E6%B1%9F%E9%87%91%E7%89%9B%E7%AF%AE%E7%90%83%E4%BF%B1%E4%B9%90%E9%83%A8","fullName":"浙江金牛篮球俱乐部","name":"浙江稠州银行"},{"link":"https://zh.wikipedia.org/wiki/%E6%B5%99%E6%B1%9F%E7%8C%9B%E7%8B%AE%E7%AF%AE%E7%90%83%E4%BF%B1%E4%B9%90%E9%83%A8","fullName":"浙江猛狮篮球俱乐部","name":"浙江广厦明凯"},{"link":"https://zh.wikipedia.org/wiki/%E5%85%AB%E4%B8%80%E7%81%AB%E7%AE%AD%E7%AF%AE%E7%90%83%E4%BF%B1%E4%B9%90%E9%83%A8","fullName":"八一火箭篮球俱乐部","name":"八一双鹿电池"},{"link":"https://zh.wikipedia.org/wiki/%E5%8C%97%E4%BA%AC%E9%B8%AD%E7%AF%AE%E7%90%83%E4%BF%B1%E4%B9%90%E9%83%A8","fullName":"北京鸭篮球俱乐部","name":"北京金隅"},{"link":"https://zh.wikipedia.org/wiki/%E5%B1%B1%E8%A5%BF%E7%8C%9B%E9%BE%99%E7%AF%AE%E7%90%83%E4%BF%B1%E4%B9%90%E9%83%A8","fullName":"山西猛龙篮球俱乐部","name":"山西汾酒集团"},{"link":"https://zh.wikipedia.org/wiki/%E8%BE%BD%E5%AE%81%E7%9B%BC%E7%9B%BC%E7%AF%AE%E7%90%83%E4%BF%B1%E4%B9%90%E9%83%A8","fullName":"辽宁盼盼篮球俱乐部","name":"辽宁盼盼"},{"link":"https://zh.wikipedia.org/wiki/%E5%B1%B1%E4%B8%9C%E7%8B%AE%E7%AF%AE%E7%90%83%E4%BF%B1%E4%B9%90%E9%83%A8","fullName":"山东狮篮球俱乐部","name":"山东黄金"},{"link":"https://zh.wikipedia.org/wiki/%E4%B8%8A%E6%B5%B7%E5%A4%A7%E9%B2%A8%E9%B1%BC%E7%AF%AE%E7%90%83%E4%BF%B1%E4%B9%90%E9%83%A8","fullName":"上海大鲨鱼篮球俱乐部","name":"上海玛吉斯轮胎"},{"link":"https://zh.wikipedia.org/wiki/%E5%90%89%E6%9E%97%E4%B8%9C%E5%8C%97%E8%99%8E%E7%AF%AE%E7%90%83%E4%BF%B1%E4%B9%90%E9%83%A8","fullName":"吉林东北虎篮球俱乐部","name":"吉林龙润茶"},{"link":"https://zh.wikipedia.org/wiki/%E4%BD%9B%E5%B1%B1%E9%BA%92%E9%BA%9F%E7%AF%AE%E7%90%83%E4%BF%B1%E4%B9%90%E9%83%A8","fullName":"佛山麒麟篮球俱乐部","name":"佛山能兴怡翠"},{"link":"https://zh.wikipedia.org/wiki/%E9%9D%92%E5%B2%9B%E5%8F%8C%E6%98%9F%E7%AF%AE%E7%90%83%E4%BF%B1%E4%B9%90%E9%83%A8","fullName":"青岛双星篮球俱乐部","name":"青岛双星"},{"link":"https://zh.wikipedia.org/wiki/%E7%A6%8F%E5%BB%BA%E9%B2%9F%E7%AF%AE%E7%90%83%E4%BF%B1%E4%B9%90%E9%83%A8","fullName":"福建鲟篮球俱乐部","name":"福建SBS"},{"link":"https://zh.wikipedia.org/wiki/%E5%A4%A9%E6%B4%A5%E8%8D%A3%E9%92%A2%E9%87%91%E7%8B%AE%E7%AF%AE%E7%90%83%E4%BF%B1%E4%B9%90%E9%83%A8","fullName":"天津荣钢金狮篮球俱乐部","name":"天津荣钢"}],"Inforbox":[{" 聯盟 ":" \n CBA  "},{" 體育項目 ":" \n 篮球  "},{" 進行日期 ":" \n2010年12月10日—2011年4月29日 "},{" 隊伍數 ":" \n17 "},{" 電視直播 ":" \n CCTV 、各地方电视台 "}],"brief":"\n2010－11年中国男子篮球职业联赛是中国男子篮球职业联赛的第16个赛季，共有17支球队参加。联赛分为常规赛和季后赛两个阶段，常规赛于2010年12月10日开始，2011年3月11日结束，为主客场双循环赛制，共34轮。常规赛前8名球队进入季后赛。季后赛于2011年3月23日开始，四分之一决赛和半决赛采用五场三胜制，总决赛采用七场四胜制，最晚于2011年4月29日结束。\n\n2010－11年中国男子篮球职业联赛规则和赛制参考了美国男子篮球职业联赛，较之之前赛季有较大变化，主要体现在以下方面。[1]\n\n本届全明星周末将于2011年3月19日-3月20日在北京万事达中心（原五棵松体育馆）举办。[11]\n\n"}
{"_id":{"$oid":"5c46b65c45db695a2f226dd6"},"name":"2008-09中国男子篮球职业联赛","link":"https://zh.wikipedia.org/wiki/2008-09%E5%B9%B4%E4%B8%AD%E5%9B%BD%E7%94%B7%E5%AD%90%E7%AF%AE%E7%90%83%E8%81%8C%E4%B8%9A%E8%81%94%E8%B5%9B","attendteams":[{"link":"https://zh.wikipedia.org/wiki/%E8%BE%BD%E5%AE%81%E7%9B%BC%E7%9B%BC%E7%AF%AE%E7%90%83%E4%BF%B1%E4%B9%90%E9%83%A8","fullName":"辽宁盼盼篮球俱乐部","name":"辽宁盼盼"},{"link":"https://zh.wikipedia.org/wiki/%E5%B1%B1%E4%B8%9C%E7%8B%AE%E7%AF%AE%E7%90%83%E4%BF%B1%E4%B9%90%E9%83%A8","fullName":"山东狮篮球俱乐部","name":"山东黄金"},{"link":"https://zh.wikipedia.org/wiki/%E6%96%B0%E7%96%86%E9%A3%9E%E8%99%8E%E7%AF%AE%E7%90%83%E4%BF%B1%E4%B9%90%E9%83%A8","fullName":"新疆飞虎篮球俱乐部","name":"新疆广汇"},{"link":"https://zh.wikipedia.org/wiki/%E5%8C%97%E4%BA%AC%E9%B8%AD%E7%AF%AE%E7%90%83%E4%BF%B1%E4%B9%90%E9%83%A8","fullName":"北京鸭篮球俱乐部","name":"北京金隅"},{"link":"https://zh.wikipedia.org/wiki/%E5%90%89%E6%9E%97%E4%B8%9C%E5%8C%97%E8%99%8E%E7%AF%AE%E7%90%83%E4%BF%B1%E4%B9%90%E9%83%A8","fullName":"吉林东北虎篮球俱乐部","name":"长春大成生化"},{"link":"https://zh.wikipedia.org/wiki/%E9%99%95%E8%A5%BF%E9%BA%92%E9%BA%9F%E7%AF%AE%E7%90%83%E4%BF%B1%E4%B9%90%E9%83%A8","fullName":"陕西麒麟篮球俱乐部","name":"陕西亚旅联盟"},{"link":"https://zh.wikipedia.org/wiki/%E5%B1%B1%E8%A5%BF%E7%8C%9B%E9%BE%99%E7%AF%AE%E7%90%83%E4%BF%B1%E4%B9%90%E9%83%A8","fullName":"山西猛龙篮球俱乐部","name":"山西中宇"},{"link":"https://zh.wikipedia.org/wiki/%E5%A4%A9%E6%B4%A5%E8%8D%A3%E9%92%A2%E9%87%91%E7%8B%AE%E7%AF%AE%E7%90%83%E4%BF%B1%E4%B9%90%E9%83%A8","fullName":"天津荣钢金狮篮球俱乐部","name":"天津荣程钢铁"},{"link":"https://zh.wikipedia.org/wiki/%E9%9D%92%E5%B2%9B%E5%8F%8C%E6%98%9F%E7%AF%AE%E7%90%83%E4%BF%B1%E4%B9%90%E9%83%A8","fullName":"青岛双星篮球俱乐部","name":"青岛双星"},{"link":"https://zh.wikipedia.org/wiki/%E5%B9%BF%E4%B8%9C%E5%8D%8E%E5%8D%97%E8%99%8E%E7%AF%AE%E7%90%83%E4%BF%B1%E4%B9%90%E9%83%A8","fullName":"广东华南虎篮球俱乐部","name":"广东东莞银行"},{"link":"https://zh.wikipedia.org/wiki/%E6%B1%9F%E8%8B%8F%E9%BE%99%E7%AF%AE%E7%90%83%E4%BF%B1%E4%B9%90%E9%83%A8","fullName":"江苏龙篮球俱乐部","name":"江苏德玛斯特"},{"link":"https://zh.wikipedia.org/wiki/%E4%B8%9C%E8%8E%9E%E7%83%88%E8%B1%B9%E7%AF%AE%E7%90%83%E4%BF%B1%E4%B9%90%E9%83%A8","fullName":"东莞烈豹篮球俱乐部","name":"东莞马可波罗"},{"link":"https://zh.wikipedia.org/wiki/%E5%85%AB%E4%B8%80%E7%81%AB%E7%AE%AD%E7%AF%AE%E7%90%83%E4%BF%B1%E4%B9%90%E9%83%A8","fullName":"八一火箭篮球俱乐部","name":"八一双鹿电池"},{"link":"https://zh.wikipedia.org/wiki/%E7%A6%8F%E5%BB%BA%E9%B2%9F%E7%AF%AE%E7%90%83%E4%BF%B1%E4%B9%90%E9%83%A8","fullName":"福建鲟篮球俱乐部","name":"福建SBS"},{"link":"https://zh.wikipedia.org/wiki/%E6%B5%99%E6%B1%9F%E7%8C%9B%E7%8B%AE%E7%AF%AE%E7%90%83%E4%BF%B1%E4%B9%90%E9%83%A8","fullName":"浙江猛狮篮球俱乐部","name":"浙江广厦建设"},{"link":"https://zh.wikipedia.org/wiki/%E6%B5%99%E6%B1%9F%E4%B8%87%E9%A9%AC%E7%AF%AE%E7%90%83%E4%BF%B1%E4%B9%90%E9%83%A8","fullName":"浙江万马篮球俱乐部","name":"浙江万马电缆"},{"link":"https://zh.wikipedia.org/wiki/%E4%B8%8A%E6%B5%B7%E5%A4%A7%E9%B2%A8%E9%B1%BC%E7%AF%AE%E7%90%83%E4%BF%B1%E4%B9%90%E9%83%A8","fullName":"上海大鲨鱼篮球俱乐部","name":"上海西洋"},{"link":"https://zh.wikipedia.org/wiki/%E4%BA%91%E5%8D%97%E5%A5%94%E7%89%9B%E7%AF%AE%E7%90%83%E4%BF%B1%E4%B9%90%E9%83%A8","fullName":"云南奔牛篮球俱乐部","name":"云南红云红河"}],"Inforbox":[{" 聯盟 ":" \n CBA  "},{" 體育項目 ":" \n 篮球  "},{" 進行日期 ":" \n2008年11月15日—2009年5月3日 "},{" 隊伍數 ":" \n18 "},{" 電視直播 ":" \n CCTV 、 青海卫视 、各地方电视台 "},{" 赛季冠军 ":" \n 广东东莞银行  "},{" 賽季MVP ":" \n 巴特尔  "},{" 最高得分 ":" \n 罗德尼·怀特  （ 浙江广厦 ） "},{" 冠军 ":" \n 广东东莞银行  "},{"    第二名  ":" \n  新疆广汇   "}],"brief":"\n2008－09年中国男子篮球职业联赛是中国男子篮球职业联赛的第14个赛季。这个赛季新加入天津荣钢和青岛双星两支球队，并且恢复南北分区。联赛分为常规赛和季后赛两个阶段，首先进行50轮常规赛（每支球队要和同区球队进行4场比赛，和不同区球队进行2场比赛），之后联赛前8名的球队进行季后赛。常规赛从2008年11月15日开始，2009年3月20日结束，总场次达到空前的450场，是CBA有史以来最长的一个赛季。广东东莞银行获得了常规赛冠军以及最后的总冠军。\n\n该赛季CBA从原有的16支球队扩充至18支球队。2008年9月4日，CBA联赛委员会召开会议，投票决定天津荣钢、青岛双星以及广东凤铝中的哪支球队升入新赛季的CBA联赛，结果天津荣钢获得10票，青岛双星获得6票，之前呼声最高的广东凤铝仅仅获得1票。最终天津荣钢获得升入CBA的资格[1]。另一个CBA名额原本属于多年前退出的奥神队，但奥神俱乐部并没有在规定时间内提交准入材料，9月21日中国篮协宣布取消奥神队的CBA资格，由之前投票排名第二的青岛双星队顶替[2]。\n\n该赛季恢复南北分区，两区各九支球队，但联赛排名按照总成绩，而不是南北区分开排名。总成绩前八名的球队进入季后赛。\n\n新赛季CBA在外援制度上做了重大变革，改变了以往统一选秀制度，允许各队自由挑选外援，并且不再限制外援上场时间。但其他球队对上八一队时还是采取4节5人次。另外，上赛季联赛后四名的球队加上新加入CBA的天津队和青岛队还允许挑选一名亚洲籍外援[3]。\n\n由于外援选择上的放开，多名曾在NBA效力过的球员出现在新赛季CBA的赛场上，其中包括了曾在休斯顿火箭效力的姚明前队友柯克·斯耐德、前印第安纳步行者队中锋大卫·哈里森。\n\n来源：中国篮球联赛官方网站\n\n\n\n来源：中国篮球协会官方网站\n"}
{"_id":{"$oid":"5c46b65c45db695a2f226dd7"},"name":"2009-10中国男子篮球职业联赛","link":"https://zh.wikipedia.org/wiki/2009-10%E5%B9%B4%E4%B8%AD%E5%9B%BD%E7%94%B7%E5%AD%90%E7%AF%AE%E7%90%83%E8%81%8C%E4%B8%9A%E8%81%94%E8%B5%9B","attendteams":[{"link":"https://zh.wikipedia.org/wiki/%E5%B9%BF%E4%B8%9C%E5%8D%8E%E5%8D%97%E8%99%8E%E7%AF%AE%E7%90%83%E4%BF%B1%E4%B9%90%E9%83%A8","fullName":"广东华南虎篮球俱乐部","name":"广东东莞银行"},{"link":"https://zh.wikipedia.org/wiki/%E6%96%B0%E7%96%86%E9%A3%9E%E8%99%8E%E7%AF%AE%E7%90%83%E4%BF%B1%E4%B9%90%E9%83%A8","fullName":"新疆飞虎篮球俱乐部","name":"新疆广汇汽车"},{"link":"https://zh.wikipedia.org/wiki/%E6%B5%99%E6%B1%9F%E7%8C%9B%E7%8B%AE%E7%AF%AE%E7%90%83%E4%BF%B1%E4%B9%90%E9%83%A8","fullName":"浙江猛狮篮球俱乐部","name":"浙江广厦控股"},{"link":"https://zh.wikipedia.org/wiki/%E4%B8%8A%E6%B5%B7%E5%A4%A7%E9%B2%A8%E9%B1%BC%E7%AF%AE%E7%90%83%E4%BF%B1%E4%B9%90%E9%83%A8","fullName":"上海大鲨鱼篮球俱乐部","name":"上海玛吉斯轮胎"},{"link":"https://zh.wikipedia.org/wiki/%E8%BE%BD%E5%AE%81%E7%9B%BC%E7%9B%BC%E7%AF%AE%E7%90%83%E4%BF%B1%E4%B9%90%E9%83%A8","fullName":"辽宁盼盼篮球俱乐部","name":"辽宁盼盼"},{"link":"https://zh.wikipedia.org/wiki/%E6%B1%9F%E8%8B%8F%E9%BE%99%E7%AF%AE%E7%90%83%E4%BF%B1%E4%B9%90%E9%83%A8","fullName":"江苏龙篮球俱乐部","name":"江苏德玛斯特"},{"link":"https://zh.wikipedia.org/wiki/%E7%A6%8F%E5%BB%BA%E9%B2%9F%E7%AF%AE%E7%90%83%E4%BF%B1%E4%B9%90%E9%83%A8","fullName":"福建鲟篮球俱乐部","name":"福建SBS"},{"link":"https://zh.wikipedia.org/wiki/%E5%85%AB%E4%B8%80%E7%81%AB%E7%AE%AD%E7%AF%AE%E7%90%83%E4%BF%B1%E4%B9%90%E9%83%A8","fullName":"八一火箭篮球俱乐部","name":"八一双鹿电池"},{"link":"https://zh.wikipedia.org/wiki/%E5%B1%B1%E4%B8%9C%E7%8B%AE%E7%AF%AE%E7%90%83%E4%BF%B1%E4%B9%90%E9%83%A8","fullName":"山东狮篮球俱乐部","name":"山东黄金"},{"link":"https://zh.wikipedia.org/wiki/%E6%B5%99%E6%B1%9F%E4%B8%87%E9%A9%AC%E7%AF%AE%E7%90%83%E4%BF%B1%E4%B9%90%E9%83%A8","fullName":"浙江万马篮球俱乐部","name":"浙江稠州银行"},{"link":"https://zh.wikipedia.org/wiki/%E4%B8%9C%E8%8E%9E%E7%83%88%E8%B1%B9%E7%AF%AE%E7%90%83%E4%BF%B1%E4%B9%90%E9%83%A8","fullName":"东莞烈豹篮球俱乐部","name":"东莞马可波罗"},{"link":"https://zh.wikipedia.org/wiki/%E5%A4%A9%E6%B4%A5%E8%8D%A3%E9%92%A2%E9%87%91%E7%8B%AE%E7%AF%AE%E7%90%83%E4%BF%B1%E4%B9%90%E9%83%A8","fullName":"天津荣钢金狮篮球俱乐部","name":"天津荣钢"},{"link":"https://zh.wikipedia.org/wiki/%E5%90%89%E6%9E%97%E4%B8%9C%E5%8C%97%E8%99%8E%E7%AF%AE%E7%90%83%E4%BF%B1%E4%B9%90%E9%83%A8","fullName":"吉林东北虎篮球俱乐部","name":"吉林龙润茶"},{"link":"https://zh.wikipedia.org/wiki/%E5%B1%B1%E8%A5%BF%E7%8C%9B%E9%BE%99%E7%AF%AE%E7%90%83%E4%BF%B1%E4%B9%90%E9%83%A8","fullName":"山西猛龙篮球俱乐部","name":"山西汾酒"},{"link":"https://zh.wikipedia.org/wiki/%E5%8C%97%E4%BA%AC%E9%B8%AD%E7%AF%AE%E7%90%83%E4%BF%B1%E4%B9%90%E9%83%A8","fullName":"北京鸭篮球俱乐部","name":"北京金隅"},{"link":"https://zh.wikipedia.org/wiki/%E9%9D%92%E5%B2%9B%E5%8F%8C%E6%98%9F%E7%AF%AE%E7%90%83%E4%BF%B1%E4%B9%90%E9%83%A8","fullName":"青岛双星篮球俱乐部","name":"青岛双星"},{"link":"https://zh.wikipedia.org/wiki/%E9%99%95%E8%A5%BF%E9%BA%92%E9%BA%9F%E7%AF%AE%E7%90%83%E4%BF%B1%E4%B9%90%E9%83%A8","fullName":"陕西麒麟篮球俱乐部","name":"陕西锂源动力"}],"Inforbox":[{" 聯盟 ":" \n CBA  "},{" 體育項目 ":" \n 篮球  "},{" 進行日期 ":" \n2009年12月19日—2010年4月25日 "},{" 隊伍數 ":" \n17 "},{" 電視直播 ":" \n CCTV 、各地方电视台 "},{" 赛季冠军 ":" \n 广东华南虎  "},{" 賽季MVP ":" \n 孟克·巴特尔 (常规赛) "}],"brief":"\n2009－10年中国男子篮球职业联赛是中国男子篮球职业联赛的第15个赛季，共有17支球队参加。联赛分为常规赛和季后赛两个阶段，常规赛于2009年12月19日开始，2010年3月14日结束，为主客场双循环赛制，共34轮。常规赛前8名球队进入季后赛。季后赛于2010年3月24日开始，四分之一决赛和半决赛采用五场三胜制，总决赛采用七场四胜制，于2010年4月25日结束。由于中国全国于4月21日举行玉树地震遇难者悼念活动，原定于4月21日进行的总决赛第三场推迟至4月22日进行。\n\n\n"}
{"_id":{"$oid":"5c46b65c45db695a2f226dd8"},"name":"2011-12中国男子篮球职业联赛","link":"https://zh.wikipedia.org/wiki/2011-12%E5%B9%B4%E4%B8%AD%E5%9B%BD%E7%94%B7%E5%AD%90%E7%AF%AE%E7%90%83%E8%81%8C%E4%B8%9A%E8%81%94%E8%B5%9B","attendteams":[{"link":"https://zh.wikipedia.org/wiki/%E5%B9%BF%E4%B8%9C%E5%8D%8E%E5%8D%97%E8%99%8E%E7%AF%AE%E7%90%83%E4%BF%B1%E4%B9%90%E9%83%A8","fullName":"广东华南虎篮球俱乐部","name":"广东东莞银行"},{"link":"https://zh.wikipedia.org/wiki/%E5%8C%97%E4%BA%AC%E9%B8%AD%E7%AF%AE%E7%90%83%E4%BF%B1%E4%B9%90%E9%83%A8","fullName":"北京鸭篮球俱乐部","name":"北京金隅"},{"link":"https://zh.wikipedia.org/wiki/%E5%B1%B1%E8%A5%BF%E7%8C%9B%E9%BE%99%E7%AF%AE%E7%90%83%E4%BF%B1%E4%B9%90%E9%83%A8","fullName":"山西猛龙篮球俱乐部","name":"山西汾酒集团"},{"link":"https://zh.wikipedia.org/wiki/%E6%96%B0%E7%96%86%E9%A3%9E%E8%99%8E%E7%AF%AE%E7%90%83%E4%BF%B1%E4%B9%90%E9%83%A8","fullName":"新疆飞虎篮球俱乐部","name":"新疆沃尔沃"},{"link":"https://zh.wikipedia.org/wiki/%E4%B8%9C%E8%8E%9E%E7%83%88%E8%B1%B9%E7%AF%AE%E7%90%83%E4%BF%B1%E4%B9%90%E9%83%A8","fullName":"东莞烈豹篮球俱乐部","name":"东莞马可波罗"},{"link":"https://zh.wikipedia.org/wiki/%E4%B8%8A%E6%B5%B7%E5%A4%A7%E9%B2%A8%E9%B1%BC%E7%AF%AE%E7%90%83%E4%BF%B1%E4%B9%90%E9%83%A8","fullName":"上海大鲨鱼篮球俱乐部","name":"上海玛吉斯轮胎"},{"link":"https://zh.wikipedia.org/wiki/%E6%B5%99%E6%B1%9F%E7%8C%9B%E7%8B%AE%E7%AF%AE%E7%90%83%E4%BF%B1%E4%B9%90%E9%83%A8","fullName":"浙江猛狮篮球俱乐部","name":"浙江广厦明凯"},{"link":"https://zh.wikipedia.org/wiki/%E7%A6%8F%E5%BB%BA%E9%B2%9F%E7%AF%AE%E7%90%83%E4%BF%B1%E4%B9%90%E9%83%A8","fullName":"福建鲟篮球俱乐部","name":"福建SBS"},{"link":"https://zh.wikipedia.org/wiki/%E9%9D%92%E5%B2%9B%E5%8F%8C%E6%98%9F%E7%AF%AE%E7%90%83%E4%BF%B1%E4%B9%90%E9%83%A8","fullName":"青岛双星篮球俱乐部","name":"青岛双星"},{"link":"https://zh.wikipedia.org/wiki/%E8%BE%BD%E5%AE%81%E7%9B%BC%E7%9B%BC%E7%AF%AE%E7%90%83%E4%BF%B1%E4%B9%90%E9%83%A8","fullName":"辽宁盼盼篮球俱乐部","name":"辽宁盼盼"},{"link":"https://zh.wikipedia.org/wiki/%E6%B5%99%E6%B1%9F%E9%87%91%E7%89%9B%E7%AF%AE%E7%90%83%E4%BF%B1%E4%B9%90%E9%83%A8","fullName":"浙江金牛篮球俱乐部","name":"浙江稠州银行"},{"link":"https://zh.wikipedia.org/wiki/%E5%90%89%E6%9E%97%E4%B8%9C%E5%8C%97%E8%99%8E%E7%AF%AE%E7%90%83%E4%BF%B1%E4%B9%90%E9%83%A8","fullName":"吉林东北虎篮球俱乐部","name":"吉林龙润茶"},{"link":"https://zh.wikipedia.org/wiki/%E5%B1%B1%E4%B8%9C%E7%8B%AE%E7%AF%AE%E7%90%83%E4%BF%B1%E4%B9%90%E9%83%A8","fullName":"山东狮篮球俱乐部","name":"山东黄金"},{"link":"https://zh.wikipedia.org/wiki/%E5%85%AB%E4%B8%80%E7%81%AB%E7%AE%AD%E7%AF%AE%E7%90%83%E4%BF%B1%E4%B9%90%E9%83%A8","fullName":"八一火箭篮球俱乐部","name":"八一双鹿电池"},{"link":"https://zh.wikipedia.org/wiki/%E5%A4%A9%E6%B4%A5%E8%8D%A3%E9%92%A2%E9%87%91%E7%8B%AE%E7%AF%AE%E7%90%83%E4%BF%B1%E4%B9%90%E9%83%A8","fullName":"天津荣钢金狮篮球俱乐部","name":"天津荣钢"},{"link":"https://zh.wikipedia.org/wiki/%E4%BD%9B%E5%B1%B1%E9%BA%92%E9%BA%9F%E7%AF%AE%E7%90%83%E4%BF%B1%E4%B9%90%E9%83%A8","fullName":"佛山麒麟篮球俱乐部","name":"佛山能兴怡翠"},{"link":"https://zh.wikipedia.org/wiki/%E6%B1%9F%E8%8B%8F%E9%BE%99%E7%AF%AE%E7%90%83%E4%BF%B1%E4%B9%90%E9%83%A8","fullName":"江苏龙篮球俱乐部","name":"江苏南钢"}],"Inforbox":[{" 聯盟 ":" \n CBA  "},{" 體育項目 ":" \n 篮球  "},{" 進行日期 ":" \n2011年11月19日—2012年3月30日 "},{" 隊伍數 ":" \n17 "},{" 電視直播 ":" \n CCTV5 、各地方电视台 "},{" 赛季冠军 ":" \n 广东东莞银行  "},{" 賽季MVP ":" \n 朱芳雨  "},{" 最高得分 ":" \n J·R·史密斯 （34.4分） "},{" 冠军 ":" \n 北京金隅  "},{"    第二名  ":" \n  广东东莞银行   "},{" 决赛MVP ":" \n 李学林  "}],"brief":"\n2011－12年中国男子篮球职业联赛是中国男子篮球职业联赛的第17个赛季，共有17支球队参加。联赛分为常规赛和季后赛两个阶段，常规赛于2011年11月19日开始，2012年2月11日结束，为主客场双循环赛制，共34轮。常规赛前8名球队进入季后赛。\n\n每支球队均能引进两名队员，上赛季后五名的球队可以引进一名亚洲外援。外援上场是四节6人次，对没有外援的队伍，外援上场是四节五人次:\n\n+ 包括香港和台湾地区球员。[1]\n\n本届全明星周末于2012年2月18日-2月19日在广州国际体育演艺中心举行。\n\n"}
{"_id":{"$oid":"5c46b65c45db695a2f226dd9"},"name":"2013-14中国男子篮球职业联赛","link":"https://zh.wikipedia.org/wiki/2013-14%E5%B9%B4%E4%B8%AD%E5%9B%BD%E7%94%B7%E5%AD%90%E7%AF%AE%E7%90%83%E8%81%8C%E4%B8%9A%E8%81%94%E8%B5%9B","attendteams":[{"link":"https://zh.wikipedia.org/wiki/%E5%B9%BF%E4%B8%9C%E5%8D%8E%E5%8D%97%E8%99%8E%E7%AF%AE%E7%90%83%E4%BF%B1%E4%B9%90%E9%83%A8","fullName":"广东华南虎篮球俱乐部","name":"广东东莞银行"},{"link":"https://zh.wikipedia.org/wiki/%E6%96%B0%E7%96%86%E9%A3%9E%E8%99%8E%E7%AF%AE%E7%90%83%E4%BF%B1%E4%B9%90%E9%83%A8","fullName":"新疆飞虎篮球俱乐部","name":"新疆广汇能源"},{"link":"https://zh.wikipedia.org/wiki/%E4%B8%9C%E8%8E%9E%E7%83%88%E8%B1%B9%E7%AF%AE%E7%90%83%E4%BF%B1%E4%B9%90%E9%83%A8","fullName":"东莞烈豹篮球俱乐部","name":"东莞马可波罗"},{"link":"https://zh.wikipedia.org/wiki/%E5%8C%97%E4%BA%AC%E9%B8%AD%E7%AF%AE%E7%90%83%E4%BF%B1%E4%B9%90%E9%83%A8","fullName":"北京鸭篮球俱乐部","name":"北京金隅"},{"link":"https://zh.wikipedia.org/wiki/%E6%B5%99%E6%B1%9F%E7%8C%9B%E7%8B%AE%E7%AF%AE%E7%90%83%E4%BF%B1%E4%B9%90%E9%83%A8","fullName":"浙江猛狮篮球俱乐部","name":"浙江广厦"},{"link":"https://zh.wikipedia.org/wiki/%E5%A4%A9%E6%B4%A5%E8%8D%A3%E9%92%A2%E9%87%91%E7%8B%AE%E7%AF%AE%E7%90%83%E4%BF%B1%E4%B9%90%E9%83%A8","fullName":"天津荣钢金狮篮球俱乐部","name":"天津融宝支付"},{"link":"https://zh.wikipedia.org/wiki/%E8%BE%BD%E5%AE%81%E7%9B%BC%E7%9B%BC%E7%AF%AE%E7%90%83%E4%BF%B1%E4%B9%90%E9%83%A8","fullName":"辽宁盼盼篮球俱乐部","name":"辽宁衡业"},{"link":"https://zh.wikipedia.org/wiki/%E4%B8%8A%E6%B5%B7%E5%A4%A7%E9%B2%A8%E9%B1%BC%E7%AF%AE%E7%90%83%E4%BF%B1%E4%B9%90%E9%83%A8","fullName":"上海大鲨鱼篮球俱乐部","name":"上海玛吉斯"},{"link":"https://zh.wikipedia.org/wiki/%E5%B1%B1%E4%B8%9C%E7%8B%AE%E7%AF%AE%E7%90%83%E4%BF%B1%E4%B9%90%E9%83%A8","fullName":"山东狮篮球俱乐部","name":"山东黄金"},{"link":"https://zh.wikipedia.org/wiki/%E7%A6%8F%E5%BB%BA%E9%B2%9F%E7%AF%AE%E7%90%83%E4%BF%B1%E4%B9%90%E9%83%A8","fullName":"福建鲟篮球俱乐部","name":"福建泉州银行"},{"link":"https://zh.wikipedia.org/wiki/%E6%B1%9F%E8%8B%8F%E9%BE%99%E7%AF%AE%E7%90%83%E4%BF%B1%E4%B9%90%E9%83%A8","fullName":"江苏龙篮球俱乐部","name":"江苏中天钢铁"},{"link":"https://zh.wikipedia.org/wiki/%E5%9B%9B%E5%B7%9D%E9%87%91%E5%BC%BA%E8%93%9D%E9%B2%B8%E7%AF%AE%E7%90%83%E4%BF%B1%E4%B9%90%E9%83%A8","fullName":"四川金强蓝鲸篮球俱乐部","name":"四川爱家"},{"link":"https://zh.wikipedia.org/wiki/%E6%B5%99%E6%B1%9F%E9%87%91%E7%89%9B%E7%AF%AE%E7%90%83%E4%BF%B1%E4%B9%90%E9%83%A8","fullName":"浙江金牛篮球俱乐部","name":"浙江稠州银行"},{"link":"https://zh.wikipedia.org/wiki/%E5%90%89%E6%9E%97%E4%B8%9C%E5%8C%97%E8%99%8E%E7%AF%AE%E7%90%83%E4%BF%B1%E4%B9%90%E9%83%A8","fullName":"吉林东北虎篮球俱乐部","name":"吉林九台农商"},{"link":"https://zh.wikipedia.org/wiki/%E4%BD%9B%E5%B1%B1%E9%BA%92%E9%BA%9F%E7%AF%AE%E7%90%83%E4%BF%B1%E4%B9%90%E9%83%A8","fullName":"佛山麒麟篮球俱乐部","name":"佛山龙狮"},{"link":"https://zh.wikipedia.org/wiki/%E5%B1%B1%E8%A5%BF%E7%8C%9B%E9%BE%99%E7%AF%AE%E7%90%83%E4%BF%B1%E4%B9%90%E9%83%A8","fullName":"山西猛龙篮球俱乐部","name":"山西汾酒集团"},{"link":"https://zh.wikipedia.org/wiki/%E5%85%AB%E4%B8%80%E7%81%AB%E7%AE%AD%E7%AF%AE%E7%90%83%E4%BF%B1%E4%B9%90%E9%83%A8","fullName":"八一火箭篮球俱乐部","name":"八一双鹿电池"},{"link":"https://zh.wikipedia.org/wiki/%E9%9D%92%E5%B2%9B%E9%9B%84%E9%B9%B0%E7%AF%AE%E7%90%83%E4%BF%B1%E4%B9%90%E9%83%A8","fullName":"青岛雄鹰篮球俱乐部","name":"青岛双星"}],"Inforbox":[{" 聯盟 ":" \n CBA  "},{" 體育項目 ":" \n 篮球  "},{" 進行日期 ":" \n2013年11月8日—2014年4月8日 "},{" 隊伍數 ":" \n18 "},{" 電視直播 ":" \n CCTV5 、 CCTV-5+ 、各地方电视台 "},{" 赛季冠军 ":" \n 广东东莞银行  "},{" 最高得分 ":" \n 迈克尔·菲巴 （36.5分） "},{" 决赛冠军 ":" \n 北京金隅  "},{"    第二名  ":" \n  新疆广汇能源   "},{" 决赛MVP ":" \n 兰多夫·莫里斯  "}],"brief":"\n2013-14年中国男子篮球职业联赛是中国男子篮球职业联赛的第19个赛季。2013年9月29日，联赛委员会表决25票全部通过四川金强成为CBA新赛季的“升班马”，故而新赛季的CBA球队数量增加到18支[1]。联赛分为常规赛和季后赛两个阶段，常规赛于2013年11月8日开始，2014年2月16日结束，为主客场双循环赛制，共34轮。常规赛前8名球队进入季后赛。\n\n\n"}
{"_id":{"$oid":"5c46b65c45db695a2f226dda"},"name":"2014-15中国男子篮球职业联赛","link":"https://zh.wikipedia.org/wiki/2014-15%E5%B9%B4%E4%B8%AD%E5%9B%BD%E7%94%B7%E5%AD%90%E7%AF%AE%E7%90%83%E8%81%8C%E4%B8%9A%E8%81%94%E8%B5%9B","attendteams":[{"link":"https://zh.wikipedia.org/wiki/%E5%B9%BF%E4%B8%9C%E5%8D%8E%E5%8D%97%E8%99%8E%E7%AF%AE%E7%90%83%E4%BF%B1%E4%B9%90%E9%83%A8","fullName":"广东华南虎篮球俱乐部","name":"广东东莞银行"},{"link":"https://zh.wikipedia.org/wiki/%E8%BE%BD%E5%AE%81%E7%9B%BC%E7%9B%BC%E7%AF%AE%E7%90%83%E4%BF%B1%E4%B9%90%E9%83%A8","fullName":"辽宁盼盼篮球俱乐部","name":"辽宁药都本溪"},{"link":"https://zh.wikipedia.org/wiki/%E9%9D%92%E5%B2%9B%E9%9B%84%E9%B9%B0%E7%AF%AE%E7%90%83%E4%BF%B1%E4%B9%90%E9%83%A8","fullName":"青岛雄鹰篮球俱乐部","name":"青岛双星"},{"link":"https://zh.wikipedia.org/wiki/%E5%8C%97%E4%BA%AC%E9%B8%AD%E7%AF%AE%E7%90%83%E4%BF%B1%E4%B9%90%E9%83%A8","fullName":"北京鸭篮球俱乐部","name":"北京首钢"},{"link":"https://zh.wikipedia.org/wiki/%E5%90%89%E6%9E%97%E4%B8%9C%E5%8C%97%E8%99%8E%E7%AF%AE%E7%90%83%E4%BF%B1%E4%B9%90%E9%83%A8","fullName":"吉林东北虎篮球俱乐部","name":"吉林九台农商银行"},{"link":"https://zh.wikipedia.org/wiki/%E5%B1%B1%E8%A5%BF%E7%8C%9B%E9%BE%99%E7%AF%AE%E7%90%83%E4%BF%B1%E4%B9%90%E9%83%A8","fullName":"山西猛龙篮球俱乐部","name":"山西汾酒集团"},{"link":"https://zh.wikipedia.org/wiki/%E6%B5%99%E6%B1%9F%E7%8C%9B%E7%8B%AE%E7%AF%AE%E7%90%83%E4%BF%B1%E4%B9%90%E9%83%A8","fullName":"浙江猛狮篮球俱乐部","name":"浙江广厦控股"},{"link":"https://zh.wikipedia.org/wiki/%E4%B8%9C%E8%8E%9E%E7%83%88%E8%B1%B9%E7%AF%AE%E7%90%83%E4%BF%B1%E4%B9%90%E9%83%A8","fullName":"东莞烈豹篮球俱乐部","name":"东莞马可波罗"},{"link":"https://zh.wikipedia.org/wiki/%E6%96%B0%E7%96%86%E9%A3%9E%E8%99%8E%E7%AF%AE%E7%90%83%E4%BF%B1%E4%B9%90%E9%83%A8","fullName":"新疆飞虎篮球俱乐部","name":"新疆天山农商银行"},{"link":"https://zh.wikipedia.org/wiki/%E4%BD%9B%E5%B1%B1%E9%BA%92%E9%BA%9F%E7%AF%AE%E7%90%83%E4%BF%B1%E4%B9%90%E9%83%A8","fullName":"佛山麒麟篮球俱乐部","name":"佛山农商银行"},{"link":"https://zh.wikipedia.org/wiki/%E5%B1%B1%E4%B8%9C%E7%8B%AE%E7%AF%AE%E7%90%83%E4%BF%B1%E4%B9%90%E9%83%A8","fullName":"山东狮篮球俱乐部","name":"山东高速"},{"link":"https://zh.wikipedia.org/wiki/%E4%B8%8A%E6%B5%B7%E5%A4%A7%E9%B2%A8%E9%B1%BC%E7%AF%AE%E7%90%83%E4%BF%B1%E4%B9%90%E9%83%A8","fullName":"上海大鲨鱼篮球俱乐部","name":"上海玛吉斯"},{"link":"https://zh.wikipedia.org/wiki/%E5%A4%A9%E6%B4%A5%E8%8D%A3%E9%92%A2%E9%87%91%E7%8B%AE%E7%AF%AE%E7%90%83%E4%BF%B1%E4%B9%90%E9%83%A8","fullName":"天津荣钢金狮篮球俱乐部","name":"天津融宝支付"},{"link":"https://zh.wikipedia.org/wiki/%E6%B1%9F%E8%8B%8F%E9%BE%99%E7%AF%AE%E7%90%83%E4%BF%B1%E4%B9%90%E9%83%A8","fullName":"江苏龙篮球俱乐部","name":"江苏中天钢铁"},{"link":"https://zh.wikipedia.org/wiki/%E6%B5%99%E6%B1%9F%E9%87%91%E7%89%9B%E7%AF%AE%E7%90%83%E4%BF%B1%E4%B9%90%E9%83%A8","fullName":"浙江金牛篮球俱乐部","name":"浙江稠州银行"},{"link":"https://zh.wikipedia.org/wiki/%E7%A6%8F%E5%BB%BA%E9%B2%9F%E7%AF%AE%E7%90%83%E4%BF%B1%E4%B9%90%E9%83%A8","fullName":"福建鲟篮球俱乐部","name":"福建泉州银行"},{"link":"https://zh.wikipedia.org/wiki/%E6%B1%9F%E8%8B%8F%E5%90%8C%E6%9B%A6%E7%AF%AE%E7%90%83%E4%BF%B1%E4%B9%90%E9%83%A8","fullName":"江苏同曦篮球俱乐部","name":"江苏同曦"},{"link":"https://zh.wikipedia.org/wiki/%E5%9B%9B%E5%B7%9D%E9%87%91%E5%BC%BA%E8%93%9D%E9%B2%B8%E7%AF%AE%E7%90%83%E4%BF%B1%E4%B9%90%E9%83%A8","fullName":"四川金强蓝鲸篮球俱乐部","name":"四川野马汽车"},{"link":"https://zh.wikipedia.org/wiki/%E5%85%AB%E4%B8%80%E7%81%AB%E7%AE%AD%E7%AF%AE%E7%90%83%E4%BF%B1%E4%B9%90%E9%83%A8","fullName":"八一火箭篮球俱乐部","name":"八一双鹿电池"},{"link":"https://zh.wikipedia.org/wiki/%E9%87%8D%E5%BA%86%E7%BF%B1%E9%BE%99%E7%AF%AE%E7%90%83%E4%BF%B1%E4%B9%90%E9%83%A8","fullName":"重庆翱龙篮球俱乐部","name":"重庆三雄极光"}],"Inforbox":[{" 聯盟 ":" \n CBA  "},{" 體育項目 ":" \n 篮球  "},{" 進行日期 ":" \n2014年11月1日—2015年3月22日 "},{" 隊伍數 ":" \n20 "},{" 電視直播 ":" \n CCTV5 、 CCTV-5+ 、各地方电视台 "},{" 赛季冠军 ":" \n 广东东莞银行  "},{" 賽季MVP ":" \n 易建联 、 雷斯特·哈德森  "},{" 决赛冠军 ":" \n 北京首钢  "},{"    第二名  ":" \n  辽宁药都本溪   "},{" 决赛MVP ":" \n 斯蒂芬·马布里  "}],"brief":"\n2014-15年中国男子篮球职业联赛是中国男子篮球职业联赛的第20个赛季。2014年9月3日，联赛委员会成员进行投票表决确认江苏同曦、重庆翱龙成为CBA新赛季的“升班马”，故而新赛季的CBA球队数量增加到20支[1]。联赛分为常规赛和季后赛两个阶段，常规赛于2014年11月1日开始，1月17和18日全明星周末，2月6日季后赛开始，3月10日进行总决赛第一场，为主客场双循环赛制，共38轮。常规赛前8名球队进入季后赛。\n"}
{"_id":{"$oid":"5c46b65c45db695a2f226ddb"},"name":"2012-13中国男子篮球职业联赛","link":"https://zh.wikipedia.org/wiki/2012-13%E5%B9%B4%E4%B8%AD%E5%9B%BD%E7%94%B7%E5%AD%90%E7%AF%AE%E7%90%83%E8%81%8C%E4%B8%9A%E8%81%94%E8%B5%9B","attendteams":[{"link":"https://zh.wikipedia.org/wiki/%E5%B9%BF%E4%B8%9C%E5%8D%8E%E5%8D%97%E8%99%8E%E7%AF%AE%E7%90%83%E4%BF%B1%E4%B9%90%E9%83%A8","fullName":"广东华南虎篮球俱乐部","name":"广东东莞银行"},{"link":"https://zh.wikipedia.org/wiki/%E5%B1%B1%E4%B8%9C%E7%8B%AE%E7%AF%AE%E7%90%83%E4%BF%B1%E4%B9%90%E9%83%A8","fullName":"山东狮篮球俱乐部","name":"山东黄金"},{"link":"https://zh.wikipedia.org/wiki/%E5%8C%97%E4%BA%AC%E9%B8%AD%E7%AF%AE%E7%90%83%E4%BF%B1%E4%B9%90%E9%83%A8","fullName":"北京鸭篮球俱乐部","name":"北京金隅"},{"link":"https://zh.wikipedia.org/wiki/%E6%96%B0%E7%96%86%E9%A3%9E%E8%99%8E%E7%AF%AE%E7%90%83%E4%BF%B1%E4%B9%90%E9%83%A8","fullName":"新疆飞虎篮球俱乐部","name":"新疆广汇能源"},{"link":"https://zh.wikipedia.org/wiki/%E8%BE%BD%E5%AE%81%E7%9B%BC%E7%9B%BC%E7%AF%AE%E7%90%83%E4%BF%B1%E4%B9%90%E9%83%A8","fullName":"辽宁盼盼篮球俱乐部","name":"辽宁衡业"},{"link":"https://zh.wikipedia.org/wiki/%E6%B5%99%E6%B1%9F%E7%8C%9B%E7%8B%AE%E7%AF%AE%E7%90%83%E4%BF%B1%E4%B9%90%E9%83%A8","fullName":"浙江猛狮篮球俱乐部","name":"浙江广厦"},{"link":"https://zh.wikipedia.org/wiki/%E4%B8%9C%E8%8E%9E%E7%83%88%E8%B1%B9%E7%AF%AE%E7%90%83%E4%BF%B1%E4%B9%90%E9%83%A8","fullName":"东莞烈豹篮球俱乐部","name":"东莞马可波罗"},{"link":"https://zh.wikipedia.org/wiki/%E6%B5%99%E6%B1%9F%E9%87%91%E7%89%9B%E7%AF%AE%E7%90%83%E4%BF%B1%E4%B9%90%E9%83%A8","fullName":"浙江金牛篮球俱乐部","name":"浙江稠州银行"},{"link":"https://zh.wikipedia.org/wiki/%E5%85%AB%E4%B8%80%E7%81%AB%E7%AE%AD%E7%AF%AE%E7%90%83%E4%BF%B1%E4%B9%90%E9%83%A8","fullName":"八一火箭篮球俱乐部","name":"八一双鹿电池"},{"link":"https://zh.wikipedia.org/wiki/%E5%B1%B1%E8%A5%BF%E7%8C%9B%E9%BE%99%E7%AF%AE%E7%90%83%E4%BF%B1%E4%B9%90%E9%83%A8","fullName":"山西猛龙篮球俱乐部","name":"山西汾酒集团"},{"link":"https://zh.wikipedia.org/wiki/%E4%BD%9B%E5%B1%B1%E9%BA%92%E9%BA%9F%E7%AF%AE%E7%90%83%E4%BF%B1%E4%B9%90%E9%83%A8","fullName":"佛山麒麟篮球俱乐部","name":"佛山友诚金融"},{"link":"https://zh.wikipedia.org/wiki/%E6%B1%9F%E8%8B%8F%E9%BE%99%E7%AF%AE%E7%90%83%E4%BF%B1%E4%B9%90%E9%83%A8","fullName":"江苏龙篮球俱乐部","name":"江苏中天钢铁"},{"link":"https://zh.wikipedia.org/wiki/%E7%A6%8F%E5%BB%BA%E9%B2%9F%E7%AF%AE%E7%90%83%E4%BF%B1%E4%B9%90%E9%83%A8","fullName":"福建鲟篮球俱乐部","name":"福建泉州银行"},{"link":"https://zh.wikipedia.org/wiki/%E4%B8%8A%E6%B5%B7%E5%A4%A7%E9%B2%A8%E9%B1%BC%E7%AF%AE%E7%90%83%E4%BF%B1%E4%B9%90%E9%83%A8","fullName":"上海大鲨鱼篮球俱乐部","name":"上海玛吉斯"},{"link":"https://zh.wikipedia.org/wiki/%E5%90%89%E6%9E%97%E4%B8%9C%E5%8C%97%E8%99%8E%E7%AF%AE%E7%90%83%E4%BF%B1%E4%B9%90%E9%83%A8","fullName":"吉林东北虎篮球俱乐部","name":"吉林九台农商"},{"link":"https://zh.wikipedia.org/wiki/%E5%A4%A9%E6%B4%A5%E8%8D%A3%E9%92%A2%E9%87%91%E7%8B%AE%E7%AF%AE%E7%90%83%E4%BF%B1%E4%B9%90%E9%83%A8","fullName":"天津荣钢金狮篮球俱乐部","name":"天津荣钢"},{"link":"https://zh.wikipedia.org/wiki/%E9%9D%92%E5%B2%9B%E9%9B%84%E9%B9%B0%E7%AF%AE%E7%90%83%E4%BF%B1%E4%B9%90%E9%83%A8","fullName":"青岛雄鹰篮球俱乐部","name":"青岛双星"}],"Inforbox":[{" 聯盟 ":" \n CBA  "},{" 體育項目 ":" \n 篮球  "},{" 進行日期 ":" \n2012年11月24日—2013年3月29日 "},{" 隊伍數 ":" \n17 "},{" 電視直播 ":" \n CCTV5 、 宁夏卫视 、各地方电视台 "},{" 赛季冠军 ":" \n 广东东莞银行  "},{" 賽季MVP ":" \n 易建联  （国内）   斯蒂芬·马布里  （外籍）  "},{" 最高得分 ":" \n 昆西·杜比 （32.6分） "},{" 冠军 ":" \n 广东东莞银行  "},{"    第二名  ":" \n  山东黄金   "},{" 决赛MVP ":" \n 易建联  "}],"brief":"\n2012-13年中国男子篮球职业联赛是中国男子篮球职业联赛的第18个赛季，共有17支球队参加。联赛分为常规赛和季后赛两个阶段，常规赛于2012年11月24日开始，2013年2月17日结束，为主客场双循环赛制，共32轮。常规赛前8名球队进入季后赛。\n\n每支球队均能引进两名队员，上赛季后五名的球队（山东黄金、天津荣钢、佛山友诚、江苏南钢，八一队除外）可以引进一名亚洲外援。外援上场是四节6人次，对没有外援的队伍，外援上场是四节五人次:\n\n+ 包括香港和台湾地区球员。\n\n++ 有资格使用亚洲外援的球队如放弃注册第三外援，就可以选择“4节7人次”。\n\n+++ 最后一节只允许单外援上场(亚洲外援也等同于外援执行)。[1]\n\n该赛季的CBA联赛设立了两个MVP（最有价值球员）头衔，国内球员和外籍球员各选出一名，选票由国内各家媒体投出。\n\n\n"}
{"_id":{"$oid":"5c46b65c45db695a2f226ddc"},"name":"2017-18中国男子篮球职业联赛","link":"https://zh.wikipedia.org/wiki/2017-18%E5%B9%B4%E4%B8%AD%E5%9B%BD%E7%94%B7%E5%AD%90%E7%AF%AE%E7%90%83%E8%81%8C%E4%B8%9A%E8%81%94%E8%B5%9B","attendteams":[{"link":"https://zh.wikipedia.org/wiki/%E6%B5%99%E6%B1%9F%E5%B9%BF%E5%8E%A6%E7%8C%9B%E7%8B%AE%E7%AF%AE%E7%90%83%E4%BF%B1%E4%B9%90%E9%83%A8","fullName":"浙江广厦猛狮篮球俱乐部","name":"浙江广厦控股"},{"link":"https://zh.wikipedia.org/wiki/%E8%BE%BD%E5%AE%81%E8%A1%A1%E6%B6%A6%E9%A3%9E%E8%B1%B9%E7%AF%AE%E7%90%83%E4%BF%B1%E4%B9%90%E9%83%A8","fullName":"辽宁衡润飞豹篮球俱乐部","name":"辽宁本钢"},{"link":"https://zh.wikipedia.org/wiki/%E5%B9%BF%E4%B8%9C%E5%AE%8F%E8%BF%9C%E7%AF%AE%E7%90%83%E4%BF%B1%E4%B9%90%E9%83%A8","fullName":"广东宏远篮球俱乐部","name":"广东东莞银行"},{"link":"https://zh.wikipedia.org/wiki/%E5%B1%B1%E4%B8%9C%E9%AB%98%E9%80%9F%E9%87%91%E6%98%9F%E7%AF%AE%E7%90%83%E4%BF%B1%E4%B9%90%E9%83%A8","fullName":"山东高速金星篮球俱乐部","name":"山东高速"},{"link":"https://zh.wikipedia.org/wiki/%E6%B1%9F%E8%8B%8F%E9%BE%99%E8%82%AF%E5%B8%9D%E4%BA%9A%E7%AF%AE%E7%90%83%E4%BF%B1%E4%B9%90%E9%83%A8","fullName":"江苏龙肯帝亚篮球俱乐部","name":"江苏肯帝亚"},{"link":"https://zh.wikipedia.org/wiki/%E6%96%B0%E7%96%86%E5%B9%BF%E6%B1%87%E9%A3%9E%E8%99%8E%E7%AF%AE%E7%90%83%E4%BF%B1%E4%B9%90%E9%83%A8","fullName":"新疆广汇飞虎篮球俱乐部","name":"新疆喀什古城"},{"link":"https://zh.wikipedia.org/wiki/%E5%8C%97%E4%BA%AC%E9%B8%AD%E9%A6%96%E9%92%A2%E7%AF%AE%E7%90%83%E4%BF%B1%E4%B9%90%E9%83%A8","fullName":"北京鸭首钢篮球俱乐部","name":"北京首钢"},{"link":"https://zh.wikipedia.org/wiki/%E6%B7%B1%E5%9C%B3%E6%96%B0%E4%B8%96%E7%BA%AA%E7%AF%AE%E7%90%83%E4%BF%B1%E4%B9%90%E9%83%A8","fullName":"深圳新世纪篮球俱乐部","name":"深圳马可波罗"},{"link":"https://zh.wikipedia.org/wiki/%E9%BE%99%E7%8B%AE%E7%AF%AE%E7%90%83%E4%BF%B1%E4%B9%90%E9%83%A8","fullName":"龙狮篮球俱乐部","name":"广州证券"},{"link":"https://zh.wikipedia.org/wiki/%E4%B8%8A%E6%B5%B7%E4%B8%9C%E6%96%B9%E5%A4%A7%E9%B2%A8%E9%B1%BC%E7%AF%AE%E7%90%83%E4%BF%B1%E4%B9%90%E9%83%A8","fullName":"上海东方大鲨鱼篮球俱乐部","name":"上海哔哩哔哩"},{"link":"https://zh.wikipedia.org/wiki/%E6%B5%99%E6%B1%9F%E7%A8%A0%E5%B7%9E%E9%87%91%E7%89%9B%E7%AF%AE%E7%90%83%E4%BF%B1%E4%B9%90%E9%83%A8","fullName":"浙江稠州金牛篮球俱乐部","name":"浙江稠州银行"},{"link":"https://zh.wikipedia.org/wiki/%E5%8C%97%E4%BA%AC%E6%8E%A7%E8%82%A1%E7%BF%B1%E9%BE%99%E7%AF%AE%E7%90%83%E4%BF%B1%E4%B9%90%E9%83%A8","fullName":"北京控股翱龙篮球俱乐部","name":"北京农商银行"},{"link":"https://zh.wikipedia.org/wiki/%E7%A6%8F%E5%BB%BA%E9%B2%9F%E6%B5%94%E5%85%B4%E7%AF%AE%E7%90%83%E4%BF%B1%E4%B9%90%E9%83%A8","fullName":"福建鲟浔兴篮球俱乐部","name":"福建泉州银行"},{"link":"https://zh.wikipedia.org/wiki/%E5%B1%B1%E8%A5%BF%E6%B1%BE%E9%85%92%E7%8C%9B%E9%BE%99%E7%AF%AE%E7%90%83%E4%BF%B1%E4%B9%90%E9%83%A8","fullName":"山西汾酒猛龙篮球俱乐部","name":"山西汾酒股份"},{"link":"https://zh.wikipedia.org/wiki/%E6%B1%9F%E8%8B%8F%E5%90%8C%E6%9B%A6%E5%A4%A7%E5%9C%A3%E7%AF%AE%E7%90%83%E4%BF%B1%E4%B9%90%E9%83%A8","fullName":"江苏同曦大圣篮球俱乐部","name":"南京同曦"},{"link":"https://zh.wikipedia.org/wiki/%E9%9D%92%E5%B2%9B%E5%9B%BD%E4%BF%A1%E5%8F%8C%E6%98%9F%E9%9B%84%E9%B9%B0%E7%AF%AE%E7%90%83%E4%BF%B1%E4%B9%90%E9%83%A8","fullName":"青岛国信双星雄鹰篮球俱乐部","name":"青岛国信双星"},{"link":"https://zh.wikipedia.org/wiki/%E5%90%89%E6%9E%97%E4%B9%9D%E5%8F%B0%E5%86%9C%E5%95%86%E9%93%B6%E8%A1%8C%E4%B8%9C%E5%8C%97%E8%99%8E%E7%AF%AE%E7%90%83%E4%BF%B1%E4%B9%90%E9%83%A8","fullName":"吉林九台农商银行东北虎篮球俱乐部","name":"吉林九台农商银行"},{"link":"https://zh.wikipedia.org/wiki/%E5%A4%A9%E6%B4%A5%E8%8D%A3%E9%92%A2%E9%87%91%E7%8B%AE%E7%AF%AE%E7%90%83%E4%BF%B1%E4%B9%90%E9%83%A8","fullName":"天津荣钢金狮篮球俱乐部","name":"天津泰笛生活"},{"link":"https://zh.wikipedia.org/wiki/%E5%9B%9B%E5%B7%9D%E9%87%91%E5%BC%BA%E8%93%9D%E9%B2%B8%E7%AF%AE%E7%90%83%E4%BF%B1%E4%B9%90%E9%83%A8","fullName":"四川金强蓝鲸篮球俱乐部","name":"四川品胜"},{"link":"https://zh.wikipedia.org/wiki/%E5%85%AB%E4%B8%80%E5%AF%8C%E9%82%A6%E7%81%AB%E7%AE%AD%E7%AF%AE%E7%90%83%E4%BF%B1%E4%B9%90%E9%83%A8","fullName":"八一富邦火箭篮球俱乐部","name":"八一双鹿电池"}],"Inforbox":[{" 聯盟 ":" \n CBA  "},{" 體育項目 ":" \n 篮球  "},{" 隊伍數 ":" \n20 "},{" 電視直播 ":" \n CCTV5 、 CCTV5+ 、各地方电视台 "},{" Top draft pick ":" \n 陳盈駿  "},{" Picked by ":" \n 廣州龍獅  "},{" 赛季冠军 ":" \n 浙江广厦  "},{" 賽季MVP ":" \n      考特尼·福特森  "},{" 最高得分 ":" \n 达柳斯·亚当斯  "},{" 冠军 ":" \n 辽宁衡润飞豹篮球俱乐部  "},{"    第二名  ":" \n  浙江广厦   "},{" 决赛MVP ":" \n      莱斯特·哈德森  "}],"brief":"\n2017-18年中国男子篮球职业联赛是中国男子篮球职业联赛的第23个赛季。队伍数量为20支，常规赛阶段赛制为主客场双循环，轮次为38轮，比赛强度为2周5赛，比赛日为周二至周日。联赛开始日期为2017年10月21日；2018年5月1日结束。外援政策方面，2人4节6人次：1-20名球队第四节全部1人次（不含亚外），亚洲外援使用球队为上赛季17-20名队伍。[1]\n\n注释：\n\n[2] 半决赛及决赛位于位于沈阳市的辽宁体育馆，容纳人数12000。\n\n[3] 第14、15、16、17、18共五轮位于宝安体育馆，容纳人数8188。\n\n[4] 第3、4、15共三轮位于北京首钢篮球中心，容纳人数6000\n\n[5] 第1、3、13、15、19共五轮位于苏州市的苏州高新区文体中心，容纳人数6000。第26、27、30、31、33、36、37共七轮位于常州市的常州奥体中心体育馆，容纳人数6180。\n\n[6] 第4、6、11、12共四轮位于中国海洋大学体育馆，容纳人数4145。\n\n[7] 第1、2、4、5、9、11、14、16、17共八轮位于南京江宁体育中心体育馆，容纳人数5000。\n\n[8] 第11、12、15、16共四轮位于佛山市的佛山南海体育馆，容纳人数4000。\n\n[9] 第30、34、35共三轮位于凯迪拉克中心，容纳人数17754。\n\n\n\n2017CBA夏季联赛暨长三角职业篮球俱乐部挑战赛7月6日-9日在上海源深体育馆举行,本次比赛的抽签仪式在6月21日的进行。六支球队先进行小组赛，两个小组第一争夺冠军，各组的小组第二、第三相互对决，争夺相应的名次。[6]\n"}
{"_id":{"$oid":"5c46b65c45db695a2f226ddd"},"name":"2015-16中国男子篮球职业联赛","link":"https://zh.wikipedia.org/wiki/2015-16%E5%B9%B4%E4%B8%AD%E5%9B%BD%E7%94%B7%E5%AD%90%E7%AF%AE%E7%90%83%E8%81%8C%E4%B8%9A%E8%81%94%E8%B5%9B","attendteams":[{"link":"https://zh.wikipedia.org/wiki/%E8%BE%BD%E5%AE%81%E8%A1%A1%E6%B6%A6%E9%A3%9E%E8%B1%B9%E7%AF%AE%E7%90%83%E4%BF%B1%E4%B9%90%E9%83%A8","fullName":"辽宁衡润飞豹篮球俱乐部","name":"辽宁药都本溪"},{"link":"https://zh.wikipedia.org/wiki/%E6%96%B0%E7%96%86%E5%B9%BF%E6%B1%87%E9%A3%9E%E8%99%8E%E7%AF%AE%E7%90%83%E4%BF%B1%E4%B9%90%E9%83%A8","fullName":"新疆广汇飞虎篮球俱乐部","name":"天山农商银行"},{"link":"https://zh.wikipedia.org/wiki/%E5%9B%9B%E5%B7%9D%E9%87%91%E5%BC%BA%E8%93%9D%E9%B2%B8%E7%AF%AE%E7%90%83%E4%BF%B1%E4%B9%90%E9%83%A8","fullName":"四川金强蓝鲸篮球俱乐部","name":"四川金强"},{"link":"https://zh.wikipedia.org/wiki/%E5%B9%BF%E4%B8%9C%E5%AE%8F%E8%BF%9C%E5%8D%8E%E5%8D%97%E8%99%8E%E7%AF%AE%E7%90%83%E4%BF%B1%E4%B9%90%E9%83%A8","fullName":"广东宏远华南虎篮球俱乐部","name":"广东东莞银行"},{"link":"https://zh.wikipedia.org/wiki/%E5%B1%B1%E4%B8%9C%E9%AB%98%E9%80%9F%E9%87%91%E6%98%9F%E7%AF%AE%E7%90%83%E4%BF%B1%E4%B9%90%E9%83%A8","fullName":"山东高速金星篮球俱乐部","name":"山东高速"},{"link":"https://zh.wikipedia.org/wiki/%E6%B5%99%E6%B1%9F%E5%B9%BF%E5%8E%A6%E7%8C%9B%E7%8B%AE%E7%AF%AE%E7%90%83%E4%BF%B1%E4%B9%90%E9%83%A8","fullName":"浙江广厦猛狮篮球俱乐部","name":"浙江广厦控股"},{"link":"https://zh.wikipedia.org/wiki/%E5%8C%97%E4%BA%AC%E9%B8%AD%E9%A6%96%E9%92%A2%E7%AF%AE%E7%90%83%E4%BF%B1%E4%B9%90%E9%83%A8","fullName":"北京鸭首钢篮球俱乐部","name":"北京首钢"},{"link":"https://zh.wikipedia.org/wiki/%E6%B5%99%E6%B1%9F%E7%A8%A0%E5%B7%9E%E9%87%91%E7%89%9B%E7%AF%AE%E7%90%83%E4%BF%B1%E4%B9%90%E9%83%A8","fullName":"浙江稠州金牛篮球俱乐部","name":"浙江稠州银行"},{"link":"https://zh.wikipedia.org/wiki/%E4%B8%9C%E8%8E%9E%E6%96%B0%E4%B8%96%E7%BA%AA%E7%8C%8E%E8%B1%B9%E7%AF%AE%E7%90%83%E4%BF%B1%E4%B9%90%E9%83%A8","fullName":"东莞新世纪猎豹篮球俱乐部","name":"深圳马可波罗"},{"link":"https://zh.wikipedia.org/wiki/%E5%B1%B1%E8%A5%BF%E6%B1%BE%E9%85%92%E7%8C%9B%E9%BE%99%E7%AF%AE%E7%90%83%E4%BF%B1%E4%B9%90%E9%83%A8","fullName":"山西汾酒猛龙篮球俱乐部","name":"山西汾酒股份"},{"link":"https://zh.wikipedia.org/wiki/%E6%B1%9F%E8%8B%8F%E9%BE%99%E8%82%AF%E5%B8%9D%E4%BA%9A%E7%AF%AE%E7%90%83%E4%BF%B1%E4%B9%90%E9%83%A8","fullName":"江苏龙肯帝亚篮球俱乐部","name":"江苏肯帝亚"},{"link":"https://zh.wikipedia.org/wiki/%E4%B8%8A%E6%B5%B7%E4%B8%9C%E6%96%B9%E5%A4%A7%E9%B2%A8%E9%B1%BC%E7%AF%AE%E7%90%83%E4%BF%B1%E4%B9%90%E9%83%A8","fullName":"上海东方大鲨鱼篮球俱乐部","name":"上海玛吉斯"},{"link":"https://zh.wikipedia.org/wiki/%E7%A6%8F%E5%BB%BA%E9%B2%9F%E6%B5%94%E5%85%B4%E7%AF%AE%E7%90%83%E4%BF%B1%E4%B9%90%E9%83%A8","fullName":"福建鲟浔兴篮球俱乐部","name":"福建泉州银行"},{"link":"https://zh.wikipedia.org/wiki/%E9%9D%92%E5%B2%9B%E5%8F%8C%E6%98%9F%E9%9B%84%E9%B9%B0%E7%AF%AE%E7%90%83%E4%BF%B1%E4%B9%90%E9%83%A8","fullName":"青岛双星雄鹰篮球俱乐部","name":"青岛双星"},{"link":"https://zh.wikipedia.org/wiki/%E5%8C%97%E4%BA%AC%E6%8E%A7%E8%82%A1%E7%BF%B1%E9%BE%99%E7%AF%AE%E7%90%83%E4%BF%B1%E4%B9%90%E9%83%A8","fullName":"北京控股翱龙篮球俱乐部","name":"北京北控水务"},{"link":"https://zh.wikipedia.org/wiki/%E6%B1%9F%E8%8B%8F%E5%90%8C%E6%9B%A6%E5%A4%A7%E5%9C%A3%E7%AF%AE%E7%90%83%E4%BF%B1%E4%B9%90%E9%83%A8","fullName":"江苏同曦大圣篮球俱乐部","name":"江苏同曦"},{"link":"https://zh.wikipedia.org/wiki/%E5%90%89%E6%9E%97%E4%B9%9D%E5%8F%B0%E5%86%9C%E5%95%86%E8%A1%8C%E4%B8%9C%E5%8C%97%E8%99%8E%E7%AF%AE%E7%90%83%E4%BF%B1%E4%B9%90%E9%83%A8","fullName":"吉林九台农商行东北虎篮球俱乐部","name":"九台农商银行"},{"link":"https://zh.wikipedia.org/wiki/%E5%A4%A9%E6%B4%A5%E8%8D%A3%E9%92%A2%E9%87%91%E7%8B%AE%E7%AF%AE%E7%90%83%E4%BF%B1%E4%B9%90%E9%83%A8","fullName":"天津荣钢金狮篮球俱乐部","name":"天津融宝支付"},{"link":"https://zh.wikipedia.org/wiki/%E5%85%AB%E4%B8%80%E5%AF%8C%E9%82%A6%E7%81%AB%E7%AE%AD%E7%AF%AE%E7%90%83%E4%BF%B1%E4%B9%90%E9%83%A8","fullName":"八一富邦火箭篮球俱乐部","name":"八一双鹿电池"},{"link":"https://zh.wikipedia.org/wiki/%E4%BD%9B%E5%B1%B1%E9%BE%99%E7%8B%AE%E7%AF%AE%E7%90%83%E4%BF%B1%E4%B9%90%E9%83%A8","fullName":"佛山龙狮篮球俱乐部","name":"佛山农商银行"}],"Inforbox":[{" 聯盟 ":" \n CBA  "},{" 體育項目 ":" \n 篮球  "},{" 進行日期 ":" \n2015年10月31日—2016年3月20日 "},{" 隊伍數 ":" \n20 "},{" 電視直播 ":" \n CCTV5 、 CCTV5+ 、各地方电视台 "},{" 赛季冠军 ":" \n 辽宁药都本溪  "},{" 賽季MVP ":" \n 易建联 、 迈克尔·比斯利  "},{" 决赛冠军 ":" \n 四川金强  "},{"    第二名  ":" \n  辽宁药都本溪   "},{" 决赛MVP ":" \n 哈米德·哈达迪  "}],"brief":"\n2015-16年中国男子篮球职业联赛是中国男子篮球职业联赛的第21个赛季。\n\n注释：\n\n[1] 第14、19、27共三轮位于中山市的中山市体育馆，容纳人数5000。\n\n[2] 第2、3、6、7、10、11、16、17共八轮位于烟台市的烟台市体育馆，容纳人数5500。\n\n[3] 第24、25共两轮位于吉林市的吉林市体育馆，容纳人数11000。\n\n[4] 第24、25、26、28、32、33共六轮位于诸暨市的暨阳体育中心体育馆，容纳人数6077。\n\n[5] 第9、10、11、18共四轮位于东莞市的大朗体育馆，容纳人数3800。\n\n[6] 第20、23、24、28、29、32、35、37、38共九轮位于南京市的五台山体育馆，容纳人数7000。\n\n[7] 第22、23、24、27、28、29、32、33、35、37共十轮位于佛山岭南明珠体育馆，容纳人数5260。\n\n[8] 第20、23、24、28、29、32、35、37、38共九轮位于南京市的江宁体育中心体育馆，容纳人数5000。\n\n\n注释：\n\n[9] 前十二轮主教练为卡尔·纳什，第十三轮起改任技术顾问，主教练由徐贵军代理。\n\n[10] 执行主教练梅米·贝西诺维奇。\n\n\n\n注释：\n\n[11] 江苏肯帝亚最后两轮以单外援出战。\n\n\n评选标准为出战20场以上。如山西汾酒股份球员贾马尔·富兰克林场均助攻、抢断、失误、效率分别为10.8、3.4、5、42.78，但因其出战18场，不予记录。\n山西汾酒股份球员多米尼克·琼斯场均失误4.56次，但因其出战18场，不予记录。\n北京首钢球员朱彦西场均犯规4.5次，但因其出战15场，不予记录。\n\n主條目：2016年CBA季後賽\n\n\n"}
{"_id":{"$oid":"5c46b65c45db695a2f226dde"},"name":"2016-17中国男子篮球职业联赛","link":"https://zh.wikipedia.org/wiki/2016-17%E5%B9%B4%E4%B8%AD%E5%9B%BD%E7%94%B7%E5%AD%90%E7%AF%AE%E7%90%83%E8%81%8C%E4%B8%9A%E8%81%94%E8%B5%9B","attendteams":[{"link":"https://zh.wikipedia.org/wiki/%E5%9B%9B%E5%B7%9D%E9%87%91%E5%BC%BA%E8%93%9D%E9%B2%B8%E7%AF%AE%E7%90%83%E4%BF%B1%E4%B9%90%E9%83%A8","fullName":"四川金强蓝鲸篮球俱乐部","name":"四川金强蓝鲸篮球俱乐部"},{"link":"https://zh.wikipedia.org/wiki/%E8%BE%BD%E5%AE%81%E8%A1%A1%E6%B6%A6%E9%A3%9E%E8%B1%B9%E7%AF%AE%E7%90%83%E4%BF%B1%E4%B9%90%E9%83%A8","fullName":"辽宁衡润飞豹篮球俱乐部","name":"辽宁衡润飞豹篮球俱乐部"},{"link":"https://zh.wikipedia.org/wiki/%E6%96%B0%E7%96%86%E5%B9%BF%E6%B1%87%E9%A3%9E%E8%99%8E%E7%AF%AE%E7%90%83%E4%BF%B1%E4%B9%90%E9%83%A8","fullName":"新疆广汇飞虎篮球俱乐部","name":"新疆广汇飞虎篮球俱乐部"},{"link":"https://zh.wikipedia.org/wiki/%E5%B9%BF%E4%B8%9C%E5%AE%8F%E8%BF%9C%E5%8D%8E%E5%8D%97%E8%99%8E%E7%AF%AE%E7%90%83%E4%BF%B1%E4%B9%90%E9%83%A8","fullName":"广东宏远华南虎篮球俱乐部","name":"广东宏远华南虎篮球俱乐部"},{"link":"https://zh.wikipedia.org/wiki/%E5%B1%B1%E4%B8%9C%E9%AB%98%E9%80%9F%E9%87%91%E6%98%9F%E7%AF%AE%E7%90%83%E4%BF%B1%E4%B9%90%E9%83%A8","fullName":"山东高速金星篮球俱乐部","name":"山东高速金星篮球俱乐部"},{"link":"https://zh.wikipedia.org/wiki/%E6%B5%99%E6%B1%9F%E5%B9%BF%E5%8E%A6%E7%8C%9B%E7%8B%AE%E7%AF%AE%E7%90%83%E4%BF%B1%E4%B9%90%E9%83%A8","fullName":"浙江广厦猛狮篮球俱乐部","name":"浙江广厦猛狮篮球俱乐部"},{"link":"https://zh.wikipedia.org/wiki/%E5%8C%97%E4%BA%AC%E9%B8%AD%E9%A6%96%E9%92%A2%E7%AF%AE%E7%90%83%E4%BF%B1%E4%B9%90%E9%83%A8","fullName":"北京鸭首钢篮球俱乐部","name":"北京鸭首钢篮球俱乐部"},{"link":"https://zh.wikipedia.org/wiki/%E6%B5%99%E6%B1%9F%E7%A8%A0%E5%B7%9E%E9%87%91%E7%89%9B%E7%AF%AE%E7%90%83%E4%BF%B1%E4%B9%90%E9%83%A8","fullName":"浙江稠州金牛篮球俱乐部","name":"浙江稠州金牛篮球俱乐部"},{"link":"https://zh.wikipedia.org/wiki/%E4%B8%9C%E8%8E%9E%E6%96%B0%E4%B8%96%E7%BA%AA%E7%83%88%E8%B1%B9%E7%AF%AE%E7%90%83%E4%BF%B1%E4%B9%90%E9%83%A8","fullName":"东莞新世纪烈豹篮球俱乐部","name":"东莞新世纪烈豹篮球俱乐部"},{"link":"https://zh.wikipedia.org/wiki/%E5%B1%B1%E8%A5%BF%E6%B1%BE%E9%85%92%E7%8C%9B%E9%BE%99%E7%AF%AE%E7%90%83%E4%BF%B1%E4%B9%90%E9%83%A8","fullName":"山西汾酒猛龙篮球俱乐部","name":"山西汾酒猛龙篮球俱乐部"},{"link":"https://zh.wikipedia.org/wiki/%E6%B1%9F%E8%8B%8F%E9%BE%99%E8%82%AF%E5%B8%9D%E4%BA%9A%E7%AF%AE%E7%90%83%E4%BF%B1%E4%B9%90%E9%83%A8","fullName":"江苏龙肯帝亚篮球俱乐部","name":"江苏龙肯帝亚篮球俱乐部"},{"link":"https://zh.wikipedia.org/wiki/%E4%B8%8A%E6%B5%B7%E4%B8%9C%E6%96%B9%E5%A4%A7%E9%B2%A8%E9%B1%BC%E7%AF%AE%E7%90%83%E4%BF%B1%E4%B9%90%E9%83%A8","fullName":"上海东方大鲨鱼篮球俱乐部","name":"上海东方大鲨鱼篮球俱乐部"},{"link":"https://zh.wikipedia.org/wiki/%E7%A6%8F%E5%BB%BA%E9%B2%9F%E6%B5%94%E5%85%B4%E7%AF%AE%E7%90%83%E4%BF%B1%E4%B9%90%E9%83%A8","fullName":"福建鲟浔兴篮球俱乐部","name":"福建鲟浔兴篮球俱乐部"},{"link":"https://zh.wikipedia.org/wiki/%E9%9D%92%E5%B2%9B%E5%8F%8C%E6%98%9F%E9%9B%84%E9%B9%B0%E7%AF%AE%E7%90%83%E4%BF%B1%E4%B9%90%E9%83%A8","fullName":"青岛双星雄鹰篮球俱乐部","name":"青岛双星雄鹰篮球俱乐部"},{"link":"https://zh.wikipedia.org/wiki/%E5%8C%97%E4%BA%AC%E6%8E%A7%E8%82%A1%E7%BF%B1%E9%BE%99%E7%AF%AE%E7%90%83%E4%BF%B1%E4%B9%90%E9%83%A8","fullName":"北京控股翱龙篮球俱乐部","name":"北京控股翱龙篮球俱乐部"},{"link":"https://zh.wikipedia.org/wiki/%E6%B1%9F%E8%8B%8F%E5%90%8C%E6%9B%A6%E5%A4%A7%E5%9C%A3%E7%AF%AE%E7%90%83%E4%BF%B1%E4%B9%90%E9%83%A8","fullName":"江苏同曦大圣篮球俱乐部","name":"江苏同曦大圣篮球俱乐部"},{"link":"https://zh.wikipedia.org/wiki/%E5%90%89%E6%9E%97%E4%B9%9D%E5%8F%B0%E5%86%9C%E5%95%86%E9%93%B6%E8%A1%8C%E4%B8%9C%E5%8C%97%E8%99%8E%E7%AF%AE%E7%90%83%E4%BF%B1%E4%B9%90%E9%83%A8","fullName":"吉林九台农商银行东北虎篮球俱乐部","name":"吉林九台农商银行东北虎篮球俱乐部"},{"link":"https://zh.wikipedia.org/wiki/%E5%A4%A9%E6%B4%A5%E8%8D%A3%E9%92%A2%E9%87%91%E7%8B%AE%E7%AF%AE%E7%90%83%E4%BF%B1%E4%B9%90%E9%83%A8","fullName":"天津荣钢金狮篮球俱乐部","name":"天津荣钢金狮篮球俱乐部"},{"link":"https://zh.wikipedia.org/wiki/%E5%85%AB%E4%B8%80%E5%AF%8C%E9%82%A6%E7%81%AB%E7%AE%AD%E7%AF%AE%E7%90%83%E4%BF%B1%E4%B9%90%E9%83%A8","fullName":"八一富邦火箭篮球俱乐部","name":"八一富邦火箭篮球俱乐部"},{"link":"https://zh.wikipedia.org/wiki/%E9%BE%99%E7%8B%AE%E7%AF%AE%E7%90%83%E4%BF%B1%E4%B9%90%E9%83%A8","fullName":"龙狮篮球俱乐部","name":"龙狮篮球俱乐部"}],"Inforbox":[{" 聯盟 ":" \n CBA  "},{" 體育項目 ":" \n 篮球  "},{" 進行日期 ":" \n2016年10月29日—2017年4月7日 "},{" 隊伍數 ":" \n20 "},{" 電視直播 ":" \n CCTV5 、 CCTV5+ 、各地方电视台 "},{" 赛季冠军 ":" \n 新疆喀什古城  "},{" 賽季MVP ":" \n 丁彦雨航 、 吉默·弗雷戴特  "},{" 冠军 ":" \n 新疆喀什古城  "},{" 决赛MVP ":" \n 达柳斯·亚当斯  "}],"brief":"\n2016-17年中国男子篮球职业联赛是中国男子篮球职业联赛的第22个赛季。最终新疆喀什古城队以4:0战胜广东东莞银行队夺得2016-17年中国男子篮球职业联赛总冠军，这是新疆队首次CBA夺冠，成为CBA历史上第六支总冠军球队。[1]\n\n注释：\n\n[1] 第25、28、29、32、33、35、36共七轮位于南京市的五台山体育馆，容纳人数7000。\n\n[2] 第18、19、30共三轮位于中国海洋大学体育馆，容纳人数4000；第1、4、5、8、9、10共六轮位于潍坊市的潍坊学院体育馆，容纳人数5000。\n\n[3] 第21、23、24、27、28、31、32、34、38共九轮位于南京市的江宁体育中心体育馆，容纳人数5000。\n\n[4] 第17、18、19、20、23、24共六轮位于佛山南海体育馆，容纳人数4000。\n\n\n\n注释：\n\n[5] 执行主教练梅米·贝西诺维奇。\n\n[6] 前四轮主教练为胡卫东，第五轮至第七轮由助理教练梁伟代理，第八轮起主教练为丁伟。\n\n[7] 前十一轮主教练为莱科·特罗曼，第十二轮起主教练为徐贵军。\n\n[8] 前十轮主教练为安德拉·马佐，第十一轮起代理主教练为安德烈亚·图尔切托。\n\n[9] 前三十一轮主教练为许晋哲，第32轮起代理主教练为刘义祥。\n\n[10] 前十五轮冠名商为药都本溪\n\n\n\n评选标准为出战20场以上。\n"}
{"_id":{"$oid":"5c46b65c45db695a2f226ddf"},"name":"2018-19中国男子篮球职业联赛","link":"https://zh.wikipedia.org/wiki/2018-19%E5%B9%B4%E4%B8%AD%E5%9B%BD%E7%94%B7%E5%AD%90%E7%AF%AE%E7%90%83%E8%81%8C%E4%B8%9A%E8%81%94%E8%B5%9B","attendteams":[{"link":"https://zh.wikipedia.org/wiki/%E8%BE%BD%E5%AE%81%E8%A1%A1%E6%B6%A6%E9%A3%9E%E8%B1%B9%E7%AF%AE%E7%90%83%E4%BF%B1%E4%B9%90%E9%83%A8","fullName":"辽宁衡润飞豹篮球俱乐部","name":"辽宁衡润飞豹篮球俱乐部"},{"link":"https://zh.wikipedia.org/wiki/%E6%B5%99%E6%B1%9F%E5%B9%BF%E5%8E%A6%E7%8C%9B%E7%8B%AE%E7%AF%AE%E7%90%83%E4%BF%B1%E4%B9%90%E9%83%A8","fullName":"浙江广厦猛狮篮球俱乐部","name":"浙江广厦猛狮篮球俱乐部"},{"link":"https://zh.wikipedia.org/wiki/%E5%B9%BF%E4%B8%9C%E5%AE%8F%E8%BF%9C%E5%8D%8E%E5%8D%97%E8%99%8E%E7%AF%AE%E7%90%83%E4%BF%B1%E4%B9%90%E9%83%A8","fullName":"广东宏远华南虎篮球俱乐部","name":"广东宏远华南虎篮球俱乐部"},{"link":"https://zh.wikipedia.org/wiki/%E5%B1%B1%E4%B8%9C%E8%A5%BF%E7%8E%8B%E9%87%91%E6%98%9F%E7%AF%AE%E7%90%83%E4%BF%B1%E4%B9%90%E9%83%A8","fullName":"山东西王金星篮球俱乐部","name":"山东西王金星篮球俱乐部"},{"link":"https://zh.wikipedia.org/wiki/%E6%B1%9F%E8%8B%8F%E9%BE%99%E8%82%AF%E5%B8%9D%E4%BA%9A%E7%AF%AE%E7%90%83%E4%BF%B1%E4%B9%90%E9%83%A8","fullName":"江苏龙肯帝亚篮球俱乐部","name":"江苏龙肯帝亚篮球俱乐部"},{"link":"https://zh.wikipedia.org/wiki/%E6%96%B0%E7%96%86%E5%B9%BF%E6%B1%87%E9%A3%9E%E8%99%8E%E7%AF%AE%E7%90%83%E4%BF%B1%E4%B9%90%E9%83%A8","fullName":"新疆广汇飞虎篮球俱乐部","name":"新疆广汇飞虎篮球俱乐部"},{"link":"https://zh.wikipedia.org/wiki/%E5%8C%97%E4%BA%AC%E9%B8%AD%E9%A6%96%E9%92%A2%E7%AF%AE%E7%90%83%E4%BF%B1%E4%B9%90%E9%83%A8","fullName":"北京鸭首钢篮球俱乐部","name":"北京鸭首钢篮球俱乐部"},{"link":"https://zh.wikipedia.org/wiki/%E4%B8%9C%E8%8E%9E%E6%96%B0%E4%B8%96%E7%BA%AA%E7%83%88%E8%B1%B9%E7%AF%AE%E7%90%83%E4%BF%B1%E4%B9%90%E9%83%A8","fullName":"东莞新世纪烈豹篮球俱乐部","name":"东莞新世纪烈豹篮球俱乐部"},{"link":"https://zh.wikipedia.org/wiki/%E9%BE%99%E7%8B%AE%E7%AF%AE%E7%90%83%E4%BF%B1%E4%B9%90%E9%83%A8","fullName":"龙狮篮球俱乐部","name":"龙狮篮球俱乐部"},{"link":"https://zh.wikipedia.org/wiki/%E4%B8%8A%E6%B5%B7%E4%B8%9C%E6%96%B9%E5%A4%A7%E9%B2%A8%E9%B1%BC%E7%AF%AE%E7%90%83%E4%BF%B1%E4%B9%90%E9%83%A8","fullName":"上海东方大鲨鱼篮球俱乐部","name":"上海东方大鲨鱼篮球俱乐部"},{"link":"https://zh.wikipedia.org/wiki/%E6%B5%99%E6%B1%9F%E7%A8%A0%E5%B7%9E%E9%87%91%E7%89%9B%E7%AF%AE%E7%90%83%E4%BF%B1%E4%B9%90%E9%83%A8","fullName":"浙江稠州金牛篮球俱乐部","name":"浙江稠州金牛篮球俱乐部"},{"link":"https://zh.wikipedia.org/wiki/%E5%8C%97%E4%BA%AC%E6%8E%A7%E8%82%A1%E7%BF%B1%E9%BE%99%E7%AF%AE%E7%90%83%E4%BF%B1%E4%B9%90%E9%83%A8","fullName":"北京控股翱龙篮球俱乐部","name":"北京控股翱龙篮球俱乐部"},{"link":"https://zh.wikipedia.org/wiki/%E7%A6%8F%E5%BB%BA%E9%B2%9F%E6%B5%94%E5%85%B4%E7%AF%AE%E7%90%83%E4%BF%B1%E4%B9%90%E9%83%A8","fullName":"福建鲟浔兴篮球俱乐部","name":"福建鲟浔兴篮球俱乐部"},{"link":"https://zh.wikipedia.org/wiki/%E5%B1%B1%E8%A5%BF%E5%9B%BD%E6%8A%95%E7%8C%9B%E9%BE%99%E7%AF%AE%E7%90%83%E4%BF%B1%E4%B9%90%E9%83%A8","fullName":"山西国投猛龙篮球俱乐部","name":"山西国投猛龙篮球俱乐部"},{"link":"https://zh.wikipedia.org/wiki/%E5%8D%97%E4%BA%AC%E5%90%8C%E6%9B%A6%E5%A4%A7%E5%9C%A3%E7%AF%AE%E7%90%83%E4%BF%B1%E4%B9%90%E9%83%A8","fullName":"南京同曦大圣篮球俱乐部","name":"南京同曦大圣篮球俱乐部"},{"link":"https://zh.wikipedia.org/wiki/%E9%9D%92%E5%B2%9B%E5%9B%BD%E4%BF%A1%E5%8F%8C%E6%98%9F%E9%9B%84%E9%B9%B0%E7%AF%AE%E7%90%83%E4%BF%B1%E4%B9%90%E9%83%A8","fullName":"青岛国信双星雄鹰篮球俱乐部","name":"青岛国信双星雄鹰篮球俱乐部"},{"link":"https://zh.wikipedia.org/wiki/%E5%90%89%E6%9E%97%E4%B8%9C%E5%8C%97%E8%99%8E%E7%AF%AE%E7%90%83%E4%BF%B1%E4%B9%90%E9%83%A8","fullName":"吉林东北虎篮球俱乐部","name":"吉林东北虎篮球俱乐部"},{"link":"https://zh.wikipedia.org/wiki/%E5%A4%A9%E6%B4%A5%E8%8D%A3%E9%92%A2%E9%87%91%E7%8B%AE%E7%AF%AE%E7%90%83%E4%BF%B1%E4%B9%90%E9%83%A8","fullName":"天津荣钢金狮篮球俱乐部","name":"天津荣钢金狮篮球俱乐部"},{"link":"https://zh.wikipedia.org/wiki/%E5%9B%9B%E5%B7%9D%E9%87%91%E5%BC%BA%E8%93%9D%E9%B2%B8%E7%AF%AE%E7%90%83%E4%BF%B1%E4%B9%90%E9%83%A8","fullName":"四川金强蓝鲸篮球俱乐部","name":"四川金强蓝鲸篮球俱乐部"},{"link":"https://zh.wikipedia.org/wiki/%E5%85%AB%E4%B8%80%E5%8D%97%E6%98%8C%E7%AF%AE%E7%90%83%E4%BF%B1%E4%B9%90%E9%83%A8","fullName":"八一南昌篮球俱乐部","name":"八一南昌篮球俱乐部"}],"Inforbox":[{" 聯盟 ":" \n CBA  "},{" 體育項目 ":" \n 篮球  "},{" 隊伍數 ":" \n20 "},{" 電視直播 ":" \n CCTV5 、 CCTV5+ 、各地方电视台 "}],"brief":"\n2018-19年中国男子篮球职业联赛是中国男子篮球职业联赛（CBA）的第24个赛季，参赛队伍数量为20支。本赛季常规赛根据上赛季最终排名分为四个组，同组的球队将进行4循环制的比赛，而不同组的球队，将进行双循环制的比赛。比赛轮次为46轮，比赛强度为1周3赛，比赛日为周二至周日。本赛季将有12支球队进入季后赛，常规赛排名1-4的球队直接晋级第二轮外，排名5-12的球队将进行淘汰赛。[1]\n\n\n\n注释：\n\n[1] 浙江广厦控股的主场杭州广厦体育馆因其即将承办2022年亚运会相关赛事，于2018年9月1日起需要进行场馆改造，故2018-2019赛季所有比赛改至在诸暨市的暨阳体育中心体育馆举行，场馆容纳人数6000。\n\n\n\n2018CBA夏季联赛暨长三角职业篮球俱乐部挑战赛8月1日-5日在上海源深体育馆举行,本次比赛的抽签仪式在7月18日的进行。八支球队先进行小组赛，两个小组第一争夺冠军，各组的小组第二、第三相互对决，争夺相应的名次。[2]\n"}
{"_id":{"$oid":"5c46b65c45db695a2f226de0"},"name":"中国男子篮球职业联赛","link":"https://zh.wikipedia.org/wiki/%E4%B8%AD%E5%9B%BD%E7%94%B7%E5%AD%90%E7%AF%AE%E7%90%83%E8%81%8C%E4%B8%9A%E8%81%94%E8%B5%9B","Inforbox":[{"Img":"src=\"//upload.wikimedia.org/wikipedia/commons/thumb/f/f1/Sports_current_event.svg/31px-Sports_current_event.svg.png\""},{"Img":"src=\"//upload.wikimedia.org/wikipedia/zh/thumb/e/e5/Chinese_Basketball_Association_2016.png/200px-Chinese_Basketball_Association_2016.png\""},{" 运动 ":" \n 篮球  "},{" 創立 ":" \n1995年 "},{" 隊伍數 ":" \n 20  "},{" 國家 ":" \n     中国  "},{" 应届冠軍 ":" \n 辽宁飞豹 （1次） "},{" 奪冠最多 ":" \n 广东华南虎 （8次）  八一火箭 （8次） "}],"brief":"\n中国男子篮球职业联赛是由中国篮球协会所主办的跨年度主客场制篮球联赛，联赛为中国最高等级的篮球比赛，英文是Chinese Basketball Association（中国篮球协会），縮寫為CBA，中文媒体上也多用CBA来称呼这些联赛。联赛在1995/96赛季由555香烟取得联赛的冠名权，1996/97赛季到2000/01赛季为希尔顿中国男子篮球甲级联赛，之后摩托罗拉和联通新时空分别取得过联赛的冠名权，联赛在2005年正式更名为现在的中国男子篮球职业联赛。\n\n联赛自每年的10月或11月开始至次年的4月左右结束，长度和美国的NBA相仿，2001年曾吸收了台湾的新浪狮队，2002年香港的香港飞龙队也曾参加联赛，目前联赛的球队数目为20支。联赛2005年从中国篮球甲级联赛正式更名为现在的中国男子篮球职业联赛，联赛的规模、管理、运作和受关注程度都堪称是中国最好最规范的职业联赛，同时也是亚洲地区水平最高的篮球联赛。\n\n2005/06赛季前，中国篮球管理中心引入采用准入制度，给各俱乐部出具了篮球职业联赛准入资格要求，也就是所谓的29条军规。内容涉及俱乐部制度、机构设置、比赛场馆设施、财务制度、参赛保证金、球队建设等12个方面。准入制最核心部分就是俱乐部必须提供2000万元人民币注册资金及700万元人民币参赛保证金，而700万元保证金可以由200万元现金和500万元的固定资产组成。\n\n中国男子篮球职业联赛与FIBA的篮球规则有些許不同点，而這些相異處則是仿效NBA：\n\n中国男子篮球职业联赛采用常规赛加季后赛的比赛模式，之前分南北区时各区前4进季后赛，现在统一采取总成绩前8名进入季后赛。季后赛采用淘汰赛制，四分之一决赛和半决赛采用五场三胜制，总决赛采用七场四胜制。而从2016-2017赛季开始，半决赛也采取七场四胜制。从2017-2018赛季开始，1至6名球队直接进入季后赛第二阶段，7至10名需额外进行附加赛；附加赛采取三场两胜制，最终将有两支球队进入季后赛下一阶段。2018-2019赛季开始，常规赛增加到46轮，20支球队按照上赛季成绩被分成4个小组，每组5支球队，同组球队之间进行主客场四循环比赛，不同组之间的球队进行主客场双循环比赛；季后赛第一阶段改为12进8，常规赛前四名直接晋级第二阶段，5-12名的球队将进行相互的淘汰赛，采取三场两胜制，最终有四支球队进入第二阶段。\n\n另外，在早期的CBA联赛中，有降级制度，一般来说联赛的最后4名要打循环赛淘汰2队，将其降至甲B联赛。\n\nCBA在赛季中举办全明星周末系列活动，包括全明星赛、星锐赛、扣篮大赛、三分球大赛和技巧大赛比赛。\n\n1995年，浙江中欣队聘请了来自乌兹别克斯坦的米哈依尔·萨芬科夫，这是CBA历史上首位外籍球员[1]。1996年各队纷纷开始聘请外援，每支球队被允许拥有两名外援。1998/99赛季开始实行外援4节4人次，之后改为了4节5人次。\n\n2008年CBA在外援制度上做了重大变革，改变了以往统一选秀制度，允许各队自由挑选外援，并且不再限制外援上场时间。但其他球队对上八一队时还是采取4节5人次。另外，联赛后四名的球队加上新加入CBA的天津队和青岛队还允许挑选一名亚洲籍外援[2]。\n\n2014-2015赛季CBA联赛，各支参赛队仍然允许注册两名外籍球员，上赛季排名第13-18名的球队和新参加联赛的两支球队共8支球队可以额外注册一名亚洲外援。在整个赛季期间各参赛队可以更换外籍球员3人次，其中常规赛允许更换2人次，季后赛允许更换1人次。联赛期间被更换掉的外籍球员不能在本赛季中代表其他球队参赛。\n\n外籍球员参赛仍然实行2人4节6人次，但第四节只能上场一人次；亚洲外援等同于国内球员，参赛人次不受限制；与没有注册外籍球员的队伍（即全华班）比赛时执行外籍球员2人4节5人次，第四节只能上场一人次。有资格注册使用亚洲外援的球队，如不注册亚洲外援，可增加外援上场1人次，即执行2人4节7人次。球队注册过亚洲外援的，将失去执行非亚洲外援2人4节7人次的资格。[3]\n\n从2018-19赛季起，可以引进亚洲外援的球队范围被进一步缩小到联赛倒数两名的球队，也就是只有第19名与第20名的球队，才能引进亚洲外援。此外在亚洲外援的使用时间方面，从2018-19赛季起也发生变动。联赛使用外援的频次保持2人4节6人次，其中所有球队末节都只能使用1人次的外援。值得注意的是，亚洲外援包含在内，也就是说拥有亚洲外援的球队如果末节使用亚洲外援，就不能使用其他的外援了。这意味着，拥有亚洲外援的球队，只在前三节可以无限使用。[4]\n\n1995年CBA联赛（甲A联赛）创办时为12支球队参加，每年联赛最后两名降入甲B，而甲B联赛的前两名升入甲A。2001年来自台湾的新浪狮加入CBA[5]，2002年香港飞龙队也加入到CBA的行列[6]。但一年之后这两支球队都退出CBA联赛。CBA从2004年开始取消升降级制[7]，并在2005年开始转而采取准入制。之后先后有东莞新世纪（2005年）、浙江广厦（2006年）、天津荣钢、青岛双星（2008年）、四川金强（2013年）、江苏同曦、重庆翱龙（2014年）通过准入制进入CBA[8]。2009-2010赛季，云南奔牛因未达到准入制度相关标准，该赛季参赛资格被取消[9]。目前共20支球队参赛。\n"}
